,UserName,Date,Hour,Count_of_logs
0,Alice,2024-07-01,0,0
1,Alice,2024-07-01,1,7
2,Alice,2024-07-01,2,0
3,Alice,2024-07-01,3,0
4,Alice,2024-07-01,4,0
5,Alice,2024-07-01,5,0
6,Alice,2024-07-01,6,0
7,Alice,2024-07-01,7,0
8,Alice,2024-07-01,8,0
9,Alice,2024-07-01,9,108
10,Alice,2024-07-01,10,34
11,Alice,2024-07-01,11,62
12,Alice,2024-07-01,12,27
13,Alice,2024-07-01,13,40
14,Alice,2024-07-01,14,58
15,Alice,2024-07-01,15,77
16,Alice,2024-07-01,16,19
17,Alice,2024-07-01,17,7
18,Alice,2024-07-01,18,0
19,Alice,2024-07-01,19,0
20,Alice,2024-07-01,20,8
21,Alice,2024-07-01,21,0
22,Alice,2024-07-01,22,0
23,Alice,2024-07-01,23,0
24,Alice,2024-07-02,0,0
25,Alice,2024-07-02,1,0
26,Alice,2024-07-02,2,0
27,Alice,2024-07-02,3,5
28,Alice,2024-07-02,4,0
29,Alice,2024-07-02,5,0
30,Alice,2024-07-02,6,0
31,Alice,2024-07-02,7,0
32,Alice,2024-07-02,8,0
33,Alice,2024-07-02,9,115
34,Alice,2024-07-02,10,59
35,Alice,2024-07-02,11,43
36,Alice,2024-07-02,12,22
37,Alice,2024-07-02,13,41
38,Alice,2024-07-02,14,72
39,Alice,2024-07-02,15,21
40,Alice,2024-07-02,16,12
41,Alice,2024-07-02,17,0
42,Alice,2024-07-02,18,0
43,Alice,2024-07-02,19,0
44,Alice,2024-07-02,20,0
45,Alice,2024-07-02,21,0
46,Alice,2024-07-02,22,0
47,Alice,2024-07-02,23,0
48,Alice,2024-07-03,0,0
49,Alice,2024-07-03,1,0
50,Alice,2024-07-03,2,0
51,Alice,2024-07-03,3,0
52,Alice,2024-07-03,4,0
53,Alice,2024-07-03,5,0
54,Alice,2024-07-03,6,0
55,Alice,2024-07-03,7,0
56,Alice,2024-07-03,8,0
57,Alice,2024-07-03,9,109
58,Alice,2024-07-03,10,57
59,Alice,2024-07-03,11,21
60,Alice,2024-07-03,12,79
61,Alice,2024-07-03,13,40
62,Alice,2024-07-03,14,52
63,Alice,2024-07-03,15,31
64,Alice,2024-07-03,16,12
65,Alice,2024-07-03,17,9
66,Alice,2024-07-03,18,0
67,Alice,2024-07-03,19,0
68,Alice,2024-07-03,20,0
69,Alice,2024-07-03,21,0
70,Alice,2024-07-03,22,0
71,Alice,2024-07-03,23,0
72,Alice,2024-07-04,0,0
73,Alice,2024-07-04,1,0
74,Alice,2024-07-04,2,0
75,Alice,2024-07-04,3,0
76,Alice,2024-07-04,4,0
77,Alice,2024-07-04,5,0
78,Alice,2024-07-04,6,0
79,Alice,2024-07-04,7,0
80,Alice,2024-07-04,8,0
81,Alice,2024-07-04,9,106
82,Alice,2024-07-04,10,78
83,Alice,2024-07-04,11,61
84,Alice,2024-07-04,12,47
85,Alice,2024-07-04,13,79
86,Alice,2024-07-04,14,35
87,Alice,2024-07-04,15,34
88,Alice,2024-07-04,16,15
89,Alice,2024-07-04,17,0
90,Alice,2024-07-04,18,0
91,Alice,2024-07-04,19,0
92,Alice,2024-07-04,20,0
93,Alice,2024-07-04,21,0
94,Alice,2024-07-04,22,0
95,Alice,2024-07-04,23,0
96,Alice,2024-07-05,0,0
97,Alice,2024-07-05,1,0
98,Alice,2024-07-05,2,0
99,Alice,2024-07-05,3,3
100,Alice,2024-07-05,4,0
101,Alice,2024-07-05,5,0
102,Alice,2024-07-05,6,0
103,Alice,2024-07-05,7,0
104,Alice,2024-07-05,8,0
105,Alice,2024-07-05,9,82
106,Alice,2024-07-05,10,56
107,Alice,2024-07-05,11,70
108,Alice,2024-07-05,12,26
109,Alice,2024-07-05,13,40
110,Alice,2024-07-05,14,28
111,Alice,2024-07-05,15,58
112,Alice,2024-07-05,16,18
113,Alice,2024-07-05,17,0
114,Alice,2024-07-05,18,0
115,Alice,2024-07-05,19,0
116,Alice,2024-07-05,20,0
117,Alice,2024-07-05,21,0
118,Alice,2024-07-05,22,0
119,Alice,2024-07-05,23,0
120,Alice,2024-07-06,0,0
121,Alice,2024-07-06,1,0
122,Alice,2024-07-06,2,0
123,Alice,2024-07-06,3,0
124,Alice,2024-07-06,4,0
125,Alice,2024-07-06,5,0
126,Alice,2024-07-06,6,0
127,Alice,2024-07-06,7,0
128,Alice,2024-07-06,8,0
129,Alice,2024-07-06,9,83
130,Alice,2024-07-06,10,44
131,Alice,2024-07-06,11,79
132,Alice,2024-07-06,12,33
133,Alice,2024-07-06,13,69
134,Alice,2024-07-06,14,77
135,Alice,2024-07-06,15,28
136,Alice,2024-07-06,16,2
137,Alice,2024-07-06,17,4
138,Alice,2024-07-06,18,0
139,Alice,2024-07-06,19,0
140,Alice,2024-07-06,20,0
141,Alice,2024-07-06,21,0
142,Alice,2024-07-06,22,0
143,Alice,2024-07-06,23,0
144,Alice,2024-07-07,0,0
145,Alice,2024-07-07,1,0
146,Alice,2024-07-07,2,0
147,Alice,2024-07-07,3,0
148,Alice,2024-07-07,4,7
149,Alice,2024-07-07,5,0
150,Alice,2024-07-07,6,0
151,Alice,2024-07-07,7,0
152,Alice,2024-07-07,8,0
153,Alice,2024-07-07,9,87
154,Alice,2024-07-07,10,66
155,Alice,2024-07-07,11,54
156,Alice,2024-07-07,12,33
157,Alice,2024-07-07,13,36
158,Alice,2024-07-07,14,55
159,Alice,2024-07-07,15,69
160,Alice,2024-07-07,16,8
161,Alice,2024-07-07,17,0
162,Alice,2024-07-07,18,0
163,Alice,2024-07-07,19,0
164,Alice,2024-07-07,20,0
165,Alice,2024-07-07,21,0
166,Alice,2024-07-07,22,0
167,Alice,2024-07-07,23,0
168,Alice,2024-07-08,0,0
169,Alice,2024-07-08,1,0
170,Alice,2024-07-08,2,0
171,Alice,2024-07-08,3,0
172,Alice,2024-07-08,4,0
173,Alice,2024-07-08,5,0
174,Alice,2024-07-08,6,0
175,Alice,2024-07-08,7,0
176,Alice,2024-07-08,8,0
177,Alice,2024-07-08,9,83
178,Alice,2024-07-08,10,21
179,Alice,2024-07-08,11,25
180,Alice,2024-07-08,12,73
181,Alice,2024-07-08,13,61
182,Alice,2024-07-08,14,23
183,Alice,2024-07-08,15,73
184,Alice,2024-07-08,16,18
185,Alice,2024-07-08,17,0
186,Alice,2024-07-08,18,0
187,Alice,2024-07-08,19,0
188,Alice,2024-07-08,20,2
189,Alice,2024-07-08,21,0
190,Alice,2024-07-08,22,4
191,Alice,2024-07-08,23,0
192,Alice,2024-07-09,0,0
193,Alice,2024-07-09,1,0
194,Alice,2024-07-09,2,0
195,Alice,2024-07-09,3,0
196,Alice,2024-07-09,4,0
197,Alice,2024-07-09,5,0
198,Alice,2024-07-09,6,0
199,Alice,2024-07-09,7,0
200,Alice,2024-07-09,8,0
201,Alice,2024-07-09,9,93
202,Alice,2024-07-09,10,50
203,Alice,2024-07-09,11,67
204,Alice,2024-07-09,12,34
205,Alice,2024-07-09,13,27
206,Alice,2024-07-09,14,33
207,Alice,2024-07-09,15,42
208,Alice,2024-07-09,16,8
209,Alice,2024-07-09,17,0
210,Alice,2024-07-09,18,0
211,Alice,2024-07-09,19,0
212,Alice,2024-07-09,20,0
213,Alice,2024-07-09,21,0
214,Alice,2024-07-09,22,0
215,Alice,2024-07-09,23,0
216,Alice,2024-07-10,0,0
217,Alice,2024-07-10,1,0
218,Alice,2024-07-10,2,0
219,Alice,2024-07-10,3,0
220,Alice,2024-07-10,4,0
221,Alice,2024-07-10,5,0
222,Alice,2024-07-10,6,0
223,Alice,2024-07-10,7,0
224,Alice,2024-07-10,8,0
225,Alice,2024-07-10,9,100
226,Alice,2024-07-10,10,35
227,Alice,2024-07-10,11,64
228,Alice,2024-07-10,12,37
229,Alice,2024-07-10,13,66
230,Alice,2024-07-10,14,72
231,Alice,2024-07-10,15,43
232,Alice,2024-07-10,16,13
233,Alice,2024-07-10,17,0
234,Alice,2024-07-10,18,0
235,Alice,2024-07-10,19,0
236,Alice,2024-07-10,20,0
237,Alice,2024-07-10,21,0
238,Alice,2024-07-10,22,0
239,Alice,2024-07-10,23,0
240,Alice,2024-07-11,0,0
241,Alice,2024-07-11,1,0
242,Alice,2024-07-11,2,0
243,Alice,2024-07-11,3,0
244,Alice,2024-07-11,4,0
245,Alice,2024-07-11,5,0
246,Alice,2024-07-11,6,0
247,Alice,2024-07-11,7,0
248,Alice,2024-07-11,8,0
249,Alice,2024-07-11,9,108
250,Alice,2024-07-11,10,34
251,Alice,2024-07-11,11,64
252,Alice,2024-07-11,12,20
253,Alice,2024-07-11,13,44
254,Alice,2024-07-11,14,26
255,Alice,2024-07-11,15,28
256,Alice,2024-07-11,16,1
257,Alice,2024-07-11,17,0
258,Alice,2024-07-11,18,0
259,Alice,2024-07-11,19,0
260,Alice,2024-07-11,20,0
261,Alice,2024-07-11,21,0
262,Alice,2024-07-11,22,0
263,Alice,2024-07-11,23,0
264,Alice,2024-07-12,0,0
265,Alice,2024-07-12,1,0
266,Alice,2024-07-12,2,0
267,Alice,2024-07-12,3,0
268,Alice,2024-07-12,4,0
269,Alice,2024-07-12,5,0
270,Alice,2024-07-12,6,0
271,Alice,2024-07-12,7,0
272,Alice,2024-07-12,8,0
273,Alice,2024-07-12,9,87
274,Alice,2024-07-12,10,43
275,Alice,2024-07-12,11,30
276,Alice,2024-07-12,12,70
277,Alice,2024-07-12,13,36
278,Alice,2024-07-12,14,27
279,Alice,2024-07-12,15,54
280,Alice,2024-07-12,16,3
281,Alice,2024-07-12,17,0
282,Alice,2024-07-12,18,0
283,Alice,2024-07-12,19,0
284,Alice,2024-07-12,20,0
285,Alice,2024-07-12,21,0
286,Alice,2024-07-12,22,0
287,Alice,2024-07-12,23,0
288,Alice,2024-07-13,0,0
289,Alice,2024-07-13,1,0
290,Alice,2024-07-13,2,0
291,Alice,2024-07-13,3,0
292,Alice,2024-07-13,4,0
293,Alice,2024-07-13,5,0
294,Alice,2024-07-13,6,0
295,Alice,2024-07-13,7,0
296,Alice,2024-07-13,8,0
297,Alice,2024-07-13,9,112
298,Alice,2024-07-13,10,78
299,Alice,2024-07-13,11,24
300,Alice,2024-07-13,12,61
301,Alice,2024-07-13,13,58
302,Alice,2024-07-13,14,77
303,Alice,2024-07-13,15,60
304,Alice,2024-07-13,16,7
305,Alice,2024-07-13,17,0
306,Alice,2024-07-13,18,0
307,Alice,2024-07-13,19,0
308,Alice,2024-07-13,20,0
309,Alice,2024-07-13,21,0
310,Alice,2024-07-13,22,0
311,Alice,2024-07-13,23,0
312,Alice,2024-07-14,0,0
313,Alice,2024-07-14,1,0
314,Alice,2024-07-14,2,0
315,Alice,2024-07-14,3,0
316,Alice,2024-07-14,4,0
317,Alice,2024-07-14,5,0
318,Alice,2024-07-14,6,0
319,Alice,2024-07-14,7,0
320,Alice,2024-07-14,8,0
321,Alice,2024-07-14,9,88
322,Alice,2024-07-14,10,27
323,Alice,2024-07-14,11,31
324,Alice,2024-07-14,12,53
325,Alice,2024-07-14,13,52
326,Alice,2024-07-14,14,67
327,Alice,2024-07-14,15,74
328,Alice,2024-07-14,16,5
329,Alice,2024-07-14,17,0
330,Alice,2024-07-14,18,0
331,Alice,2024-07-14,19,0
332,Alice,2024-07-14,20,0
333,Alice,2024-07-14,21,0
334,Alice,2024-07-14,22,0
335,Alice,2024-07-14,23,0
336,Alice,2024-07-15,0,0
337,Alice,2024-07-15,1,0
338,Alice,2024-07-15,2,0
339,Alice,2024-07-15,3,0
340,Alice,2024-07-15,4,0
341,Alice,2024-07-15,5,0
342,Alice,2024-07-15,6,0
343,Alice,2024-07-15,7,0
344,Alice,2024-07-15,8,0
345,Alice,2024-07-15,9,114
346,Alice,2024-07-15,10,63
347,Alice,2024-07-15,11,59
348,Alice,2024-07-15,12,41
349,Alice,2024-07-15,13,46
350,Alice,2024-07-15,14,54
351,Alice,2024-07-15,15,20
352,Alice,2024-07-15,16,3
353,Alice,2024-07-15,17,0
354,Alice,2024-07-15,18,0
355,Alice,2024-07-15,19,0
356,Alice,2024-07-15,20,0
357,Alice,2024-07-15,21,0
358,Alice,2024-07-15,22,0
359,Alice,2024-07-15,23,0
360,Alice,2024-07-16,0,0
361,Alice,2024-07-16,1,0
362,Alice,2024-07-16,2,0
363,Alice,2024-07-16,3,0
364,Alice,2024-07-16,4,0
365,Alice,2024-07-16,5,0
366,Alice,2024-07-16,6,0
367,Alice,2024-07-16,7,0
368,Alice,2024-07-16,8,0
369,Alice,2024-07-16,9,116
370,Alice,2024-07-16,10,66
371,Alice,2024-07-16,11,33
372,Alice,2024-07-16,12,22
373,Alice,2024-07-16,13,20
374,Alice,2024-07-16,14,24
375,Alice,2024-07-16,15,45
376,Alice,2024-07-16,16,14
377,Alice,2024-07-16,17,0
378,Alice,2024-07-16,18,0
379,Alice,2024-07-16,19,0
380,Alice,2024-07-16,20,0
381,Alice,2024-07-16,21,0
382,Alice,2024-07-16,22,0
383,Alice,2024-07-16,23,0
384,Alice,2024-07-17,0,0
385,Alice,2024-07-17,1,0
386,Alice,2024-07-17,2,0
387,Alice,2024-07-17,3,0
388,Alice,2024-07-17,4,0
389,Alice,2024-07-17,5,0
390,Alice,2024-07-17,6,0
391,Alice,2024-07-17,7,0
392,Alice,2024-07-17,8,0
393,Alice,2024-07-17,9,118
394,Alice,2024-07-17,10,46
395,Alice,2024-07-17,11,28
396,Alice,2024-07-17,12,34
397,Alice,2024-07-17,13,34
398,Alice,2024-07-17,14,45
399,Alice,2024-07-17,15,61
400,Alice,2024-07-17,16,13
401,Alice,2024-07-17,17,0
402,Alice,2024-07-17,18,0
403,Alice,2024-07-17,19,0
404,Alice,2024-07-17,20,0
405,Alice,2024-07-17,21,3
406,Alice,2024-07-17,22,0
407,Alice,2024-07-17,23,0
408,Alice,2024-07-18,0,0
409,Alice,2024-07-18,1,0
410,Alice,2024-07-18,2,0
411,Alice,2024-07-18,3,0
412,Alice,2024-07-18,4,0
413,Alice,2024-07-18,5,0
414,Alice,2024-07-18,6,0
415,Alice,2024-07-18,7,0
416,Alice,2024-07-18,8,0
417,Alice,2024-07-18,9,111
418,Alice,2024-07-18,10,58
419,Alice,2024-07-18,11,68
420,Alice,2024-07-18,12,71
421,Alice,2024-07-18,13,51
422,Alice,2024-07-18,14,23
423,Alice,2024-07-18,15,49
424,Alice,2024-07-18,16,5
425,Alice,2024-07-18,17,0
426,Alice,2024-07-18,18,0
427,Alice,2024-07-18,19,0
428,Alice,2024-07-18,20,0
429,Alice,2024-07-18,21,0
430,Alice,2024-07-18,22,0
431,Alice,2024-07-18,23,0
432,Alice,2024-07-19,0,0
433,Alice,2024-07-19,1,0
434,Alice,2024-07-19,2,7
435,Alice,2024-07-19,3,0
436,Alice,2024-07-19,4,0
437,Alice,2024-07-19,5,0
438,Alice,2024-07-19,6,0
439,Alice,2024-07-19,7,0
440,Alice,2024-07-19,8,0
441,Alice,2024-07-19,9,118
442,Alice,2024-07-19,10,64
443,Alice,2024-07-19,11,34
444,Alice,2024-07-19,12,62
445,Alice,2024-07-19,13,48
446,Alice,2024-07-19,14,55
447,Alice,2024-07-19,15,32
448,Alice,2024-07-19,16,7
449,Alice,2024-07-19,17,3
450,Alice,2024-07-19,18,0
451,Alice,2024-07-19,19,0
452,Alice,2024-07-19,20,0
453,Alice,2024-07-19,21,0
454,Alice,2024-07-19,22,0
455,Alice,2024-07-19,23,0
456,Alice,2024-07-20,0,0
457,Alice,2024-07-20,1,0
458,Alice,2024-07-20,2,0
459,Alice,2024-07-20,3,0
460,Alice,2024-07-20,4,0
461,Alice,2024-07-20,5,0
462,Alice,2024-07-20,6,0
463,Alice,2024-07-20,7,0
464,Alice,2024-07-20,8,0
465,Alice,2024-07-20,9,101
466,Alice,2024-07-20,10,47
467,Alice,2024-07-20,11,21
468,Alice,2024-07-20,12,61
469,Alice,2024-07-20,13,64
470,Alice,2024-07-20,14,76
471,Alice,2024-07-20,15,72
472,Alice,2024-07-20,16,6
473,Alice,2024-07-20,17,0
474,Alice,2024-07-20,18,0
475,Alice,2024-07-20,19,0
476,Alice,2024-07-20,20,0
477,Alice,2024-07-20,21,0
478,Alice,2024-07-20,22,0
479,Alice,2024-07-20,23,0
480,Alice,2024-07-21,0,0
481,Alice,2024-07-21,1,0
482,Alice,2024-07-21,2,0
483,Alice,2024-07-21,3,0
484,Alice,2024-07-21,4,4
485,Alice,2024-07-21,5,0
486,Alice,2024-07-21,6,0
487,Alice,2024-07-21,7,0
488,Alice,2024-07-21,8,0
489,Alice,2024-07-21,9,109
490,Alice,2024-07-21,10,30
491,Alice,2024-07-21,11,77
492,Alice,2024-07-21,12,74
493,Alice,2024-07-21,13,47
494,Alice,2024-07-21,14,44
495,Alice,2024-07-21,15,58
496,Alice,2024-07-21,16,1
497,Alice,2024-07-21,17,0
498,Alice,2024-07-21,18,0
499,Alice,2024-07-21,19,0
500,Alice,2024-07-21,20,0
501,Alice,2024-07-21,21,0
502,Alice,2024-07-21,22,0
503,Alice,2024-07-21,23,0
504,Alice,2024-07-22,0,0
505,Alice,2024-07-22,1,0
506,Alice,2024-07-22,2,0
507,Alice,2024-07-22,3,0
508,Alice,2024-07-22,4,0
509,Alice,2024-07-22,5,0
510,Alice,2024-07-22,6,1
511,Alice,2024-07-22,7,0
512,Alice,2024-07-22,8,0
513,Alice,2024-07-22,9,106
514,Alice,2024-07-22,10,76
515,Alice,2024-07-22,11,71
516,Alice,2024-07-22,12,32
517,Alice,2024-07-22,13,60
518,Alice,2024-07-22,14,22
519,Alice,2024-07-22,15,58
520,Alice,2024-07-22,16,6
521,Alice,2024-07-22,17,0
522,Alice,2024-07-22,18,0
523,Alice,2024-07-22,19,0
524,Alice,2024-07-22,20,0
525,Alice,2024-07-22,21,0
526,Alice,2024-07-22,22,0
527,Alice,2024-07-22,23,0
528,Alice,2024-07-23,0,0
529,Alice,2024-07-23,1,0
530,Alice,2024-07-23,2,0
531,Alice,2024-07-23,3,0
532,Alice,2024-07-23,4,0
533,Alice,2024-07-23,5,0
534,Alice,2024-07-23,6,0
535,Alice,2024-07-23,7,0
536,Alice,2024-07-23,8,0
537,Alice,2024-07-23,9,87
538,Alice,2024-07-23,10,46
539,Alice,2024-07-23,11,28
540,Alice,2024-07-23,12,56
541,Alice,2024-07-23,13,52
542,Alice,2024-07-23,14,70
543,Alice,2024-07-23,15,61
544,Alice,2024-07-23,16,12
545,Alice,2024-07-23,17,0
546,Alice,2024-07-23,18,0
547,Alice,2024-07-23,19,0
548,Alice,2024-07-23,20,0
549,Alice,2024-07-23,21,0
550,Alice,2024-07-23,22,0
551,Alice,2024-07-23,23,0
552,Alice,2024-07-24,0,8
553,Alice,2024-07-24,1,0
554,Alice,2024-07-24,2,0
555,Alice,2024-07-24,3,0
556,Alice,2024-07-24,4,0
557,Alice,2024-07-24,5,0
558,Alice,2024-07-24,6,0
559,Alice,2024-07-24,7,0
560,Alice,2024-07-24,8,0
561,Alice,2024-07-24,9,94
562,Alice,2024-07-24,10,78
563,Alice,2024-07-24,11,73
564,Alice,2024-07-24,12,51
565,Alice,2024-07-24,13,51
566,Alice,2024-07-24,14,43
567,Alice,2024-07-24,15,60
568,Alice,2024-07-24,16,17
569,Alice,2024-07-24,17,0
570,Alice,2024-07-24,18,0
571,Alice,2024-07-24,19,0
572,Alice,2024-07-24,20,0
573,Alice,2024-07-24,21,0
574,Alice,2024-07-24,22,0
575,Alice,2024-07-24,23,0
576,Alice,2024-07-25,0,0
577,Alice,2024-07-25,1,0
578,Alice,2024-07-25,2,0
579,Alice,2024-07-25,3,0
580,Alice,2024-07-25,4,0
581,Alice,2024-07-25,5,0
582,Alice,2024-07-25,6,0
583,Alice,2024-07-25,7,0
584,Alice,2024-07-25,8,0
585,Alice,2024-07-25,9,91
586,Alice,2024-07-25,10,58
587,Alice,2024-07-25,11,21
588,Alice,2024-07-25,12,22
589,Alice,2024-07-25,13,68
590,Alice,2024-07-25,14,56
591,Alice,2024-07-25,15,68
592,Alice,2024-07-25,16,17
593,Alice,2024-07-25,17,0
594,Alice,2024-07-25,18,1
595,Alice,2024-07-25,19,0
596,Alice,2024-07-25,20,0
597,Alice,2024-07-25,21,0
598,Alice,2024-07-25,22,0
599,Alice,2024-07-25,23,0
600,Alice,2024-07-26,0,0
601,Alice,2024-07-26,1,0
602,Alice,2024-07-26,2,0
603,Alice,2024-07-26,3,0
604,Alice,2024-07-26,4,0
605,Alice,2024-07-26,5,0
606,Alice,2024-07-26,6,0
607,Alice,2024-07-26,7,0
608,Alice,2024-07-26,8,0
609,Alice,2024-07-26,9,81
610,Alice,2024-07-26,10,21
611,Alice,2024-07-26,11,47
612,Alice,2024-07-26,12,73
613,Alice,2024-07-26,13,42
614,Alice,2024-07-26,14,56
615,Alice,2024-07-26,15,51
616,Alice,2024-07-26,16,1
617,Alice,2024-07-26,17,0
618,Alice,2024-07-26,18,0
619,Alice,2024-07-26,19,0
620,Alice,2024-07-26,20,0
621,Alice,2024-07-26,21,0
622,Alice,2024-07-26,22,0
623,Alice,2024-07-26,23,1
624,Alice,2024-07-27,0,0
625,Alice,2024-07-27,1,0
626,Alice,2024-07-27,2,0
627,Alice,2024-07-27,3,0
628,Alice,2024-07-27,4,0
629,Alice,2024-07-27,5,0
630,Alice,2024-07-27,6,0
631,Alice,2024-07-27,7,0
632,Alice,2024-07-27,8,0
633,Alice,2024-07-27,9,98
634,Alice,2024-07-27,10,21
635,Alice,2024-07-27,11,72
636,Alice,2024-07-27,12,63
637,Alice,2024-07-27,13,45
638,Alice,2024-07-27,14,51
639,Alice,2024-07-27,15,25
640,Alice,2024-07-27,16,4
641,Alice,2024-07-27,17,0
642,Alice,2024-07-27,18,0
643,Alice,2024-07-27,19,7
644,Alice,2024-07-27,20,0
645,Alice,2024-07-27,21,0
646,Alice,2024-07-27,22,0
647,Alice,2024-07-27,23,0
648,Alice,2024-07-28,0,0
649,Alice,2024-07-28,1,0
650,Alice,2024-07-28,2,0
651,Alice,2024-07-28,3,0
652,Alice,2024-07-28,4,0
653,Alice,2024-07-28,5,0
654,Alice,2024-07-28,6,0
655,Alice,2024-07-28,7,0
656,Alice,2024-07-28,8,0
657,Alice,2024-07-28,9,90
658,Alice,2024-07-28,10,75
659,Alice,2024-07-28,11,78
660,Alice,2024-07-28,12,36
661,Alice,2024-07-28,13,57
662,Alice,2024-07-28,14,43
663,Alice,2024-07-28,15,24
664,Alice,2024-07-28,16,2
665,Alice,2024-07-28,17,0
666,Alice,2024-07-28,18,0
667,Alice,2024-07-28,19,0
668,Alice,2024-07-28,20,0
669,Alice,2024-07-28,21,0
670,Alice,2024-07-28,22,0
671,Alice,2024-07-28,23,0
672,Alice,2024-07-29,0,0
673,Alice,2024-07-29,1,0
674,Alice,2024-07-29,2,0
675,Alice,2024-07-29,3,0
676,Alice,2024-07-29,4,0
677,Alice,2024-07-29,5,0
678,Alice,2024-07-29,6,0
679,Alice,2024-07-29,7,0
680,Alice,2024-07-29,8,0
681,Alice,2024-07-29,9,85
682,Alice,2024-07-29,10,41
683,Alice,2024-07-29,11,30
684,Alice,2024-07-29,12,67
685,Alice,2024-07-29,13,35
686,Alice,2024-07-29,14,52
687,Alice,2024-07-29,15,28
688,Alice,2024-07-29,16,6
689,Alice,2024-07-29,17,0
690,Alice,2024-07-29,18,0
691,Alice,2024-07-29,19,0
692,Alice,2024-07-29,20,0
693,Alice,2024-07-29,21,0
694,Alice,2024-07-29,22,0
695,Alice,2024-07-29,23,0
696,Alice,2024-07-30,0,0
697,Alice,2024-07-30,1,0
698,Alice,2024-07-30,2,0
699,Alice,2024-07-30,3,0
700,Alice,2024-07-30,4,0
701,Alice,2024-07-30,5,0
702,Alice,2024-07-30,6,0
703,Alice,2024-07-30,7,0
704,Alice,2024-07-30,8,0
705,Alice,2024-07-30,9,95
706,Alice,2024-07-30,10,48
707,Alice,2024-07-30,11,22
708,Alice,2024-07-30,12,39
709,Alice,2024-07-30,13,79
710,Alice,2024-07-30,14,78
711,Alice,2024-07-30,15,55
712,Alice,2024-07-30,16,19
713,Alice,2024-07-30,17,0
714,Alice,2024-07-30,18,0
715,Alice,2024-07-30,19,0
716,Alice,2024-07-30,20,0
717,Alice,2024-07-30,21,0
718,Alice,2024-07-30,22,0
719,Alice,2024-07-30,23,0
720,Bob,2024-07-01,0,0
721,Bob,2024-07-01,1,3
722,Bob,2024-07-01,2,0
723,Bob,2024-07-01,3,0
724,Bob,2024-07-01,4,0
725,Bob,2024-07-01,5,0
726,Bob,2024-07-01,6,0
727,Bob,2024-07-01,7,0
728,Bob,2024-07-01,8,0
729,Bob,2024-07-01,9,98
730,Bob,2024-07-01,10,39
731,Bob,2024-07-01,11,51
732,Bob,2024-07-01,12,26
733,Bob,2024-07-01,13,71
734,Bob,2024-07-01,14,60
735,Bob,2024-07-01,15,52
736,Bob,2024-07-01,16,8
737,Bob,2024-07-01,17,0
738,Bob,2024-07-01,18,0
739,Bob,2024-07-01,19,0
740,Bob,2024-07-01,20,0
741,Bob,2024-07-01,21,7
742,Bob,2024-07-01,22,0
743,Bob,2024-07-01,23,0
744,Bob,2024-07-02,0,0
745,Bob,2024-07-02,1,0
746,Bob,2024-07-02,2,0
747,Bob,2024-07-02,3,0
748,Bob,2024-07-02,4,0
749,Bob,2024-07-02,5,2
750,Bob,2024-07-02,6,0
751,Bob,2024-07-02,7,0
752,Bob,2024-07-02,8,8
753,Bob,2024-07-02,9,80
754,Bob,2024-07-02,10,30
755,Bob,2024-07-02,11,47
756,Bob,2024-07-02,12,76
757,Bob,2024-07-02,13,44
758,Bob,2024-07-02,14,69
759,Bob,2024-07-02,15,42
760,Bob,2024-07-02,16,10
761,Bob,2024-07-02,17,0
762,Bob,2024-07-02,18,0
763,Bob,2024-07-02,19,0
764,Bob,2024-07-02,20,0
765,Bob,2024-07-02,21,0
766,Bob,2024-07-02,22,0
767,Bob,2024-07-02,23,0
768,Bob,2024-07-03,0,0
769,Bob,2024-07-03,1,0
770,Bob,2024-07-03,2,0
771,Bob,2024-07-03,3,0
772,Bob,2024-07-03,4,0
773,Bob,2024-07-03,5,0
774,Bob,2024-07-03,6,3
775,Bob,2024-07-03,7,0
776,Bob,2024-07-03,8,0
777,Bob,2024-07-03,9,86
778,Bob,2024-07-03,10,79
779,Bob,2024-07-03,11,35
780,Bob,2024-07-03,12,45
781,Bob,2024-07-03,13,67
782,Bob,2024-07-03,14,76
783,Bob,2024-07-03,15,71
784,Bob,2024-07-03,16,17
785,Bob,2024-07-03,17,0
786,Bob,2024-07-03,18,0
787,Bob,2024-07-03,19,0
788,Bob,2024-07-03,20,0
789,Bob,2024-07-03,21,0
790,Bob,2024-07-03,22,0
791,Bob,2024-07-03,23,0
792,Bob,2024-07-04,0,2
793,Bob,2024-07-04,1,0
794,Bob,2024-07-04,2,0
795,Bob,2024-07-04,3,0
796,Bob,2024-07-04,4,0
797,Bob,2024-07-04,5,0
798,Bob,2024-07-04,6,0
799,Bob,2024-07-04,7,0
800,Bob,2024-07-04,8,0
801,Bob,2024-07-04,9,80
802,Bob,2024-07-04,10,67
803,Bob,2024-07-04,11,31
804,Bob,2024-07-04,12,24
805,Bob,2024-07-04,13,56
806,Bob,2024-07-04,14,51
807,Bob,2024-07-04,15,78
808,Bob,2024-07-04,16,9
809,Bob,2024-07-04,17,0
810,Bob,2024-07-04,18,0
811,Bob,2024-07-04,19,0
812,Bob,2024-07-04,20,0
813,Bob,2024-07-04,21,0
814,Bob,2024-07-04,22,0
815,Bob,2024-07-04,23,9
816,Bob,2024-07-05,0,0
817,Bob,2024-07-05,1,0
818,Bob,2024-07-05,2,0
819,Bob,2024-07-05,3,0
820,Bob,2024-07-05,4,0
821,Bob,2024-07-05,5,0
822,Bob,2024-07-05,6,0
823,Bob,2024-07-05,7,0
824,Bob,2024-07-05,8,0
825,Bob,2024-07-05,9,114
826,Bob,2024-07-05,10,38
827,Bob,2024-07-05,11,67
828,Bob,2024-07-05,12,35
829,Bob,2024-07-05,13,22
830,Bob,2024-07-05,14,39
831,Bob,2024-07-05,15,43
832,Bob,2024-07-05,16,1
833,Bob,2024-07-05,17,0
834,Bob,2024-07-05,18,0
835,Bob,2024-07-05,19,0
836,Bob,2024-07-05,20,0
837,Bob,2024-07-05,21,0
838,Bob,2024-07-05,22,0
839,Bob,2024-07-05,23,0
840,Bob,2024-07-06,0,0
841,Bob,2024-07-06,1,0
842,Bob,2024-07-06,2,0
843,Bob,2024-07-06,3,0
844,Bob,2024-07-06,4,0
845,Bob,2024-07-06,5,0
846,Bob,2024-07-06,6,0
847,Bob,2024-07-06,7,0
848,Bob,2024-07-06,8,0
849,Bob,2024-07-06,9,103
850,Bob,2024-07-06,10,71
851,Bob,2024-07-06,11,30
852,Bob,2024-07-06,12,68
853,Bob,2024-07-06,13,27
854,Bob,2024-07-06,14,55
855,Bob,2024-07-06,15,57
856,Bob,2024-07-06,16,8
857,Bob,2024-07-06,17,0
858,Bob,2024-07-06,18,0
859,Bob,2024-07-06,19,0
860,Bob,2024-07-06,20,0
861,Bob,2024-07-06,21,0
862,Bob,2024-07-06,22,0
863,Bob,2024-07-06,23,0
864,Bob,2024-07-07,0,0
865,Bob,2024-07-07,1,0
866,Bob,2024-07-07,2,0
867,Bob,2024-07-07,3,0
868,Bob,2024-07-07,4,0
869,Bob,2024-07-07,5,0
870,Bob,2024-07-07,6,0
871,Bob,2024-07-07,7,0
872,Bob,2024-07-07,8,0
873,Bob,2024-07-07,9,99
874,Bob,2024-07-07,10,54
875,Bob,2024-07-07,11,67
876,Bob,2024-07-07,12,44
877,Bob,2024-07-07,13,54
878,Bob,2024-07-07,14,44
879,Bob,2024-07-07,15,48
880,Bob,2024-07-07,16,18
881,Bob,2024-07-07,17,0
882,Bob,2024-07-07,18,0
883,Bob,2024-07-07,19,0
884,Bob,2024-07-07,20,0
885,Bob,2024-07-07,21,2
886,Bob,2024-07-07,22,0
887,Bob,2024-07-07,23,0
888,Bob,2024-07-08,0,0
889,Bob,2024-07-08,1,0
890,Bob,2024-07-08,2,0
891,Bob,2024-07-08,3,0
892,Bob,2024-07-08,4,0
893,Bob,2024-07-08,5,0
894,Bob,2024-07-08,6,2
895,Bob,2024-07-08,7,0
896,Bob,2024-07-08,8,0
897,Bob,2024-07-08,9,114
898,Bob,2024-07-08,10,35
899,Bob,2024-07-08,11,60
900,Bob,2024-07-08,12,55
901,Bob,2024-07-08,13,52
902,Bob,2024-07-08,14,23
903,Bob,2024-07-08,15,52
904,Bob,2024-07-08,16,14
905,Bob,2024-07-08,17,0
906,Bob,2024-07-08,18,0
907,Bob,2024-07-08,19,0
908,Bob,2024-07-08,20,0
909,Bob,2024-07-08,21,0
910,Bob,2024-07-08,22,0
911,Bob,2024-07-08,23,0
912,Bob,2024-07-09,0,0
913,Bob,2024-07-09,1,0
914,Bob,2024-07-09,2,0
915,Bob,2024-07-09,3,0
916,Bob,2024-07-09,4,0
917,Bob,2024-07-09,5,0
918,Bob,2024-07-09,6,0
919,Bob,2024-07-09,7,0
920,Bob,2024-07-09,8,0
921,Bob,2024-07-09,9,100
922,Bob,2024-07-09,10,67
923,Bob,2024-07-09,11,39
924,Bob,2024-07-09,12,75
925,Bob,2024-07-09,13,27
926,Bob,2024-07-09,14,26
927,Bob,2024-07-09,15,22
928,Bob,2024-07-09,16,17
929,Bob,2024-07-09,17,0
930,Bob,2024-07-09,18,0
931,Bob,2024-07-09,19,0
932,Bob,2024-07-09,20,0
933,Bob,2024-07-09,21,0
934,Bob,2024-07-09,22,0
935,Bob,2024-07-09,23,0
936,Bob,2024-07-10,0,0
937,Bob,2024-07-10,1,0
938,Bob,2024-07-10,2,0
939,Bob,2024-07-10,3,0
940,Bob,2024-07-10,4,0
941,Bob,2024-07-10,5,0
942,Bob,2024-07-10,6,0
943,Bob,2024-07-10,7,0
944,Bob,2024-07-10,8,0
945,Bob,2024-07-10,9,112
946,Bob,2024-07-10,10,67
947,Bob,2024-07-10,11,31
948,Bob,2024-07-10,12,78
949,Bob,2024-07-10,13,70
950,Bob,2024-07-10,14,41
951,Bob,2024-07-10,15,74
952,Bob,2024-07-10,16,14
953,Bob,2024-07-10,17,0
954,Bob,2024-07-10,18,0
955,Bob,2024-07-10,19,0
956,Bob,2024-07-10,20,0
957,Bob,2024-07-10,21,6
958,Bob,2024-07-10,22,0
959,Bob,2024-07-10,23,0
960,Bob,2024-07-11,0,0
961,Bob,2024-07-11,1,0
962,Bob,2024-07-11,2,0
963,Bob,2024-07-11,3,0
964,Bob,2024-07-11,4,0
965,Bob,2024-07-11,5,0
966,Bob,2024-07-11,6,0
967,Bob,2024-07-11,7,0
968,Bob,2024-07-11,8,0
969,Bob,2024-07-11,9,117
970,Bob,2024-07-11,10,64
971,Bob,2024-07-11,11,70
972,Bob,2024-07-11,12,73
973,Bob,2024-07-11,13,27
974,Bob,2024-07-11,14,46
975,Bob,2024-07-11,15,46
976,Bob,2024-07-11,16,2
977,Bob,2024-07-11,17,0
978,Bob,2024-07-11,18,0
979,Bob,2024-07-11,19,0
980,Bob,2024-07-11,20,0
981,Bob,2024-07-11,21,0
982,Bob,2024-07-11,22,0
983,Bob,2024-07-11,23,0
984,Bob,2024-07-12,0,0
985,Bob,2024-07-12,1,0
986,Bob,2024-07-12,2,0
987,Bob,2024-07-12,3,0
988,Bob,2024-07-12,4,0
989,Bob,2024-07-12,5,0
990,Bob,2024-07-12,6,0
991,Bob,2024-07-12,7,0
992,Bob,2024-07-12,8,0
993,Bob,2024-07-12,9,100
994,Bob,2024-07-12,10,49
995,Bob,2024-07-12,11,52
996,Bob,2024-07-12,12,47
997,Bob,2024-07-12,13,66
998,Bob,2024-07-12,14,52
999,Bob,2024-07-12,15,24
1000,Bob,2024-07-12,16,16
1001,Bob,2024-07-12,17,0
1002,Bob,2024-07-12,18,0
1003,Bob,2024-07-12,19,0
1004,Bob,2024-07-12,20,0
1005,Bob,2024-07-12,21,0
1006,Bob,2024-07-12,22,0
1007,Bob,2024-07-12,23,0
1008,Bob,2024-07-13,0,0
1009,Bob,2024-07-13,1,0
1010,Bob,2024-07-13,2,0
1011,Bob,2024-07-13,3,0
1012,Bob,2024-07-13,4,0
1013,Bob,2024-07-13,5,0
1014,Bob,2024-07-13,6,0
1015,Bob,2024-07-13,7,0
1016,Bob,2024-07-13,8,0
1017,Bob,2024-07-13,9,98
1018,Bob,2024-07-13,10,23
1019,Bob,2024-07-13,11,54
1020,Bob,2024-07-13,12,68
1021,Bob,2024-07-13,13,36
1022,Bob,2024-07-13,14,63
1023,Bob,2024-07-13,15,47
1024,Bob,2024-07-13,16,14
1025,Bob,2024-07-13,17,0
1026,Bob,2024-07-13,18,0
1027,Bob,2024-07-13,19,0
1028,Bob,2024-07-13,20,5
1029,Bob,2024-07-13,21,0
1030,Bob,2024-07-13,22,0
1031,Bob,2024-07-13,23,0
1032,Bob,2024-07-14,0,0
1033,Bob,2024-07-14,1,0
1034,Bob,2024-07-14,2,0
1035,Bob,2024-07-14,3,0
1036,Bob,2024-07-14,4,0
1037,Bob,2024-07-14,5,0
1038,Bob,2024-07-14,6,0
1039,Bob,2024-07-14,7,0
1040,Bob,2024-07-14,8,0
1041,Bob,2024-07-14,9,85
1042,Bob,2024-07-14,10,54
1043,Bob,2024-07-14,11,79
1044,Bob,2024-07-14,12,60
1045,Bob,2024-07-14,13,56
1046,Bob,2024-07-14,14,43
1047,Bob,2024-07-14,15,48
1048,Bob,2024-07-14,16,17
1049,Bob,2024-07-14,17,0
1050,Bob,2024-07-14,18,0
1051,Bob,2024-07-14,19,0
1052,Bob,2024-07-14,20,0
1053,Bob,2024-07-14,21,0
1054,Bob,2024-07-14,22,0
1055,Bob,2024-07-14,23,0
1056,Bob,2024-07-15,0,0
1057,Bob,2024-07-15,1,0
1058,Bob,2024-07-15,2,0
1059,Bob,2024-07-15,3,0
1060,Bob,2024-07-15,4,0
1061,Bob,2024-07-15,5,0
1062,Bob,2024-07-15,6,0
1063,Bob,2024-07-15,7,0
1064,Bob,2024-07-15,8,0
1065,Bob,2024-07-15,9,110
1066,Bob,2024-07-15,10,54
1067,Bob,2024-07-15,11,79
1068,Bob,2024-07-15,12,52
1069,Bob,2024-07-15,13,71
1070,Bob,2024-07-15,14,40
1071,Bob,2024-07-15,15,51
1072,Bob,2024-07-15,16,1
1073,Bob,2024-07-15,17,0
1074,Bob,2024-07-15,18,0
1075,Bob,2024-07-15,19,0
1076,Bob,2024-07-15,20,3
1077,Bob,2024-07-15,21,0
1078,Bob,2024-07-15,22,0
1079,Bob,2024-07-15,23,0
1080,Bob,2024-07-16,0,0
1081,Bob,2024-07-16,1,0
1082,Bob,2024-07-16,2,0
1083,Bob,2024-07-16,3,0
1084,Bob,2024-07-16,4,0
1085,Bob,2024-07-16,5,0
1086,Bob,2024-07-16,6,0
1087,Bob,2024-07-16,7,0
1088,Bob,2024-07-16,8,2
1089,Bob,2024-07-16,9,104
1090,Bob,2024-07-16,10,61
1091,Bob,2024-07-16,11,50
1092,Bob,2024-07-16,12,73
1093,Bob,2024-07-16,13,77
1094,Bob,2024-07-16,14,22
1095,Bob,2024-07-16,15,59
1096,Bob,2024-07-16,16,14
1097,Bob,2024-07-16,17,0
1098,Bob,2024-07-16,18,0
1099,Bob,2024-07-16,19,0
1100,Bob,2024-07-16,20,0
1101,Bob,2024-07-16,21,0
1102,Bob,2024-07-16,22,0
1103,Bob,2024-07-16,23,0
1104,Bob,2024-07-17,0,0
1105,Bob,2024-07-17,1,0
1106,Bob,2024-07-17,2,0
1107,Bob,2024-07-17,3,0
1108,Bob,2024-07-17,4,0
1109,Bob,2024-07-17,5,0
1110,Bob,2024-07-17,6,0
1111,Bob,2024-07-17,7,0
1112,Bob,2024-07-17,8,0
1113,Bob,2024-07-17,9,103
1114,Bob,2024-07-17,10,69
1115,Bob,2024-07-17,11,51
1116,Bob,2024-07-17,12,66
1117,Bob,2024-07-17,13,41
1118,Bob,2024-07-17,14,42
1119,Bob,2024-07-17,15,21
1120,Bob,2024-07-17,16,10
1121,Bob,2024-07-17,17,0
1122,Bob,2024-07-17,18,0
1123,Bob,2024-07-17,19,0
1124,Bob,2024-07-17,20,0
1125,Bob,2024-07-17,21,0
1126,Bob,2024-07-17,22,0
1127,Bob,2024-07-17,23,0
1128,Bob,2024-07-18,0,0
1129,Bob,2024-07-18,1,0
1130,Bob,2024-07-18,2,0
1131,Bob,2024-07-18,3,0
1132,Bob,2024-07-18,4,0
1133,Bob,2024-07-18,5,0
1134,Bob,2024-07-18,6,0
1135,Bob,2024-07-18,7,0
1136,Bob,2024-07-18,8,0
1137,Bob,2024-07-18,9,81
1138,Bob,2024-07-18,10,45
1139,Bob,2024-07-18,11,36
1140,Bob,2024-07-18,12,59
1141,Bob,2024-07-18,13,52
1142,Bob,2024-07-18,14,28
1143,Bob,2024-07-18,15,62
1144,Bob,2024-07-18,16,16
1145,Bob,2024-07-18,17,0
1146,Bob,2024-07-18,18,0
1147,Bob,2024-07-18,19,0
1148,Bob,2024-07-18,20,0
1149,Bob,2024-07-18,21,0
1150,Bob,2024-07-18,22,0
1151,Bob,2024-07-18,23,0
1152,Bob,2024-07-19,0,0
1153,Bob,2024-07-19,1,0
1154,Bob,2024-07-19,2,0
1155,Bob,2024-07-19,3,0
1156,Bob,2024-07-19,4,0
1157,Bob,2024-07-19,5,0
1158,Bob,2024-07-19,6,0
1159,Bob,2024-07-19,7,0
1160,Bob,2024-07-19,8,0
1161,Bob,2024-07-19,9,118
1162,Bob,2024-07-19,10,48
1163,Bob,2024-07-19,11,61
1164,Bob,2024-07-19,12,74
1165,Bob,2024-07-19,13,45
1166,Bob,2024-07-19,14,54
1167,Bob,2024-07-19,15,69
1168,Bob,2024-07-19,16,13
1169,Bob,2024-07-19,17,0
1170,Bob,2024-07-19,18,0
1171,Bob,2024-07-19,19,0
1172,Bob,2024-07-19,20,0
1173,Bob,2024-07-19,21,0
1174,Bob,2024-07-19,22,0
1175,Bob,2024-07-19,23,0
1176,Bob,2024-07-20,0,0
1177,Bob,2024-07-20,1,0
1178,Bob,2024-07-20,2,0
1179,Bob,2024-07-20,3,0
1180,Bob,2024-07-20,4,0
1181,Bob,2024-07-20,5,0
1182,Bob,2024-07-20,6,0
1183,Bob,2024-07-20,7,0
1184,Bob,2024-07-20,8,0
1185,Bob,2024-07-20,9,86
1186,Bob,2024-07-20,10,76
1187,Bob,2024-07-20,11,55
1188,Bob,2024-07-20,12,64
1189,Bob,2024-07-20,13,39
1190,Bob,2024-07-20,14,20
1191,Bob,2024-07-20,15,27
1192,Bob,2024-07-20,16,14
1193,Bob,2024-07-20,17,0
1194,Bob,2024-07-20,18,0
1195,Bob,2024-07-20,19,0
1196,Bob,2024-07-20,20,0
1197,Bob,2024-07-20,21,0
1198,Bob,2024-07-20,22,0
1199,Bob,2024-07-20,23,0
1200,Bob,2024-07-21,0,0
1201,Bob,2024-07-21,1,0
1202,Bob,2024-07-21,2,0
1203,Bob,2024-07-21,3,0
1204,Bob,2024-07-21,4,0
1205,Bob,2024-07-21,5,0
1206,Bob,2024-07-21,6,0
1207,Bob,2024-07-21,7,0
1208,Bob,2024-07-21,8,0
1209,Bob,2024-07-21,9,95
1210,Bob,2024-07-21,10,33
1211,Bob,2024-07-21,11,31
1212,Bob,2024-07-21,12,70
1213,Bob,2024-07-21,13,42
1214,Bob,2024-07-21,14,34
1215,Bob,2024-07-21,15,47
1216,Bob,2024-07-21,16,2
1217,Bob,2024-07-21,17,0
1218,Bob,2024-07-21,18,0
1219,Bob,2024-07-21,19,0
1220,Bob,2024-07-21,20,0
1221,Bob,2024-07-21,21,0
1222,Bob,2024-07-21,22,0
1223,Bob,2024-07-21,23,0
1224,Bob,2024-07-22,0,0
1225,Bob,2024-07-22,1,2
1226,Bob,2024-07-22,2,0
1227,Bob,2024-07-22,3,0
1228,Bob,2024-07-22,4,0
1229,Bob,2024-07-22,5,0
1230,Bob,2024-07-22,6,0
1231,Bob,2024-07-22,7,0
1232,Bob,2024-07-22,8,0
1233,Bob,2024-07-22,9,111
1234,Bob,2024-07-22,10,42
1235,Bob,2024-07-22,11,41
1236,Bob,2024-07-22,12,70
1237,Bob,2024-07-22,13,44
1238,Bob,2024-07-22,14,77
1239,Bob,2024-07-22,15,41
1240,Bob,2024-07-22,16,17
1241,Bob,2024-07-22,17,0
1242,Bob,2024-07-22,18,4
1243,Bob,2024-07-22,19,0
1244,Bob,2024-07-22,20,0
1245,Bob,2024-07-22,21,0
1246,Bob,2024-07-22,22,0
1247,Bob,2024-07-22,23,0
1248,Bob,2024-07-23,0,0
1249,Bob,2024-07-23,1,0
1250,Bob,2024-07-23,2,0
1251,Bob,2024-07-23,3,0
1252,Bob,2024-07-23,4,0
1253,Bob,2024-07-23,5,0
1254,Bob,2024-07-23,6,0
1255,Bob,2024-07-23,7,0
1256,Bob,2024-07-23,8,0
1257,Bob,2024-07-23,9,85
1258,Bob,2024-07-23,10,34
1259,Bob,2024-07-23,11,73
1260,Bob,2024-07-23,12,62
1261,Bob,2024-07-23,13,79
1262,Bob,2024-07-23,14,56
1263,Bob,2024-07-23,15,52
1264,Bob,2024-07-23,16,8
1265,Bob,2024-07-23,17,0
1266,Bob,2024-07-23,18,0
1267,Bob,2024-07-23,19,0
1268,Bob,2024-07-23,20,0
1269,Bob,2024-07-23,21,0
1270,Bob,2024-07-23,22,0
1271,Bob,2024-07-23,23,0
1272,Bob,2024-07-24,0,0
1273,Bob,2024-07-24,1,0
1274,Bob,2024-07-24,2,0
1275,Bob,2024-07-24,3,5
1276,Bob,2024-07-24,4,0
1277,Bob,2024-07-24,5,0
1278,Bob,2024-07-24,6,0
1279,Bob,2024-07-24,7,0
1280,Bob,2024-07-24,8,0
1281,Bob,2024-07-24,9,84
1282,Bob,2024-07-24,10,58
1283,Bob,2024-07-24,11,23
1284,Bob,2024-07-24,12,25
1285,Bob,2024-07-24,13,64
1286,Bob,2024-07-24,14,51
1287,Bob,2024-07-24,15,71
1288,Bob,2024-07-24,16,15
1289,Bob,2024-07-24,17,0
1290,Bob,2024-07-24,18,0
1291,Bob,2024-07-24,19,0
1292,Bob,2024-07-24,20,0
1293,Bob,2024-07-24,21,0
1294,Bob,2024-07-24,22,0
1295,Bob,2024-07-24,23,0
1296,Bob,2024-07-25,0,3
1297,Bob,2024-07-25,1,0
1298,Bob,2024-07-25,2,0
1299,Bob,2024-07-25,3,0
1300,Bob,2024-07-25,4,0
1301,Bob,2024-07-25,5,0
1302,Bob,2024-07-25,6,0
1303,Bob,2024-07-25,7,0
1304,Bob,2024-07-25,8,0
1305,Bob,2024-07-25,9,119
1306,Bob,2024-07-25,10,71
1307,Bob,2024-07-25,11,35
1308,Bob,2024-07-25,12,32
1309,Bob,2024-07-25,13,69
1310,Bob,2024-07-25,14,79
1311,Bob,2024-07-25,15,61
1312,Bob,2024-07-25,16,19
1313,Bob,2024-07-25,17,0
1314,Bob,2024-07-25,18,0
1315,Bob,2024-07-25,19,0
1316,Bob,2024-07-25,20,0
1317,Bob,2024-07-25,21,0
1318,Bob,2024-07-25,22,0
1319,Bob,2024-07-25,23,0
1320,Bob,2024-07-26,0,0
1321,Bob,2024-07-26,1,0
1322,Bob,2024-07-26,2,1
1323,Bob,2024-07-26,3,0
1324,Bob,2024-07-26,4,0
1325,Bob,2024-07-26,5,0
1326,Bob,2024-07-26,6,0
1327,Bob,2024-07-26,7,0
1328,Bob,2024-07-26,8,0
1329,Bob,2024-07-26,9,98
1330,Bob,2024-07-26,10,47
1331,Bob,2024-07-26,11,77
1332,Bob,2024-07-26,12,74
1333,Bob,2024-07-26,13,45
1334,Bob,2024-07-26,14,56
1335,Bob,2024-07-26,15,45
1336,Bob,2024-07-26,16,9
1337,Bob,2024-07-26,17,0
1338,Bob,2024-07-26,18,0
1339,Bob,2024-07-26,19,0
1340,Bob,2024-07-26,20,0
1341,Bob,2024-07-26,21,0
1342,Bob,2024-07-26,22,0
1343,Bob,2024-07-26,23,0
1344,Bob,2024-07-27,0,0
1345,Bob,2024-07-27,1,0
1346,Bob,2024-07-27,2,0
1347,Bob,2024-07-27,3,0
1348,Bob,2024-07-27,4,0
1349,Bob,2024-07-27,5,0
1350,Bob,2024-07-27,6,0
1351,Bob,2024-07-27,7,0
1352,Bob,2024-07-27,8,0
1353,Bob,2024-07-27,9,91
1354,Bob,2024-07-27,10,72
1355,Bob,2024-07-27,11,20
1356,Bob,2024-07-27,12,77
1357,Bob,2024-07-27,13,77
1358,Bob,2024-07-27,14,20
1359,Bob,2024-07-27,15,66
1360,Bob,2024-07-27,16,2
1361,Bob,2024-07-27,17,0
1362,Bob,2024-07-27,18,0
1363,Bob,2024-07-27,19,0
1364,Bob,2024-07-27,20,6
1365,Bob,2024-07-27,21,0
1366,Bob,2024-07-27,22,0
1367,Bob,2024-07-27,23,0
1368,Bob,2024-07-28,0,0
1369,Bob,2024-07-28,1,0
1370,Bob,2024-07-28,2,0
1371,Bob,2024-07-28,3,0
1372,Bob,2024-07-28,4,0
1373,Bob,2024-07-28,5,0
1374,Bob,2024-07-28,6,0
1375,Bob,2024-07-28,7,0
1376,Bob,2024-07-28,8,0
1377,Bob,2024-07-28,9,104
1378,Bob,2024-07-28,10,59
1379,Bob,2024-07-28,11,64
1380,Bob,2024-07-28,12,72
1381,Bob,2024-07-28,13,20
1382,Bob,2024-07-28,14,35
1383,Bob,2024-07-28,15,58
1384,Bob,2024-07-28,16,5
1385,Bob,2024-07-28,17,0
1386,Bob,2024-07-28,18,0
1387,Bob,2024-07-28,19,0
1388,Bob,2024-07-28,20,0
1389,Bob,2024-07-28,21,0
1390,Bob,2024-07-28,22,0
1391,Bob,2024-07-28,23,0
1392,Bob,2024-07-29,0,0
1393,Bob,2024-07-29,1,0
1394,Bob,2024-07-29,2,0
1395,Bob,2024-07-29,3,0
1396,Bob,2024-07-29,4,0
1397,Bob,2024-07-29,5,0
1398,Bob,2024-07-29,6,0
1399,Bob,2024-07-29,7,0
1400,Bob,2024-07-29,8,0
1401,Bob,2024-07-29,9,101
1402,Bob,2024-07-29,10,48
1403,Bob,2024-07-29,11,74
1404,Bob,2024-07-29,12,22
1405,Bob,2024-07-29,13,31
1406,Bob,2024-07-29,14,45
1407,Bob,2024-07-29,15,35
1408,Bob,2024-07-29,16,19
1409,Bob,2024-07-29,17,0
1410,Bob,2024-07-29,18,0
1411,Bob,2024-07-29,19,0
1412,Bob,2024-07-29,20,0
1413,Bob,2024-07-29,21,0
1414,Bob,2024-07-29,22,0
1415,Bob,2024-07-29,23,0
1416,Bob,2024-07-30,0,0
1417,Bob,2024-07-30,1,0
1418,Bob,2024-07-30,2,0
1419,Bob,2024-07-30,3,0
1420,Bob,2024-07-30,4,0
1421,Bob,2024-07-30,5,0
1422,Bob,2024-07-30,6,0
1423,Bob,2024-07-30,7,0
1424,Bob,2024-07-30,8,0
1425,Bob,2024-07-30,9,116
1426,Bob,2024-07-30,10,41
1427,Bob,2024-07-30,11,76
1428,Bob,2024-07-30,12,48
1429,Bob,2024-07-30,13,33
1430,Bob,2024-07-30,14,47
1431,Bob,2024-07-30,15,24
1432,Bob,2024-07-30,16,15
1433,Bob,2024-07-30,17,0
1434,Bob,2024-07-30,18,0
1435,Bob,2024-07-30,19,0
1436,Bob,2024-07-30,20,1
1437,Bob,2024-07-30,21,0
1438,Bob,2024-07-30,22,0
1439,Bob,2024-07-30,23,0
1440,Charlie,2024-07-01,0,0
1441,Charlie,2024-07-01,1,0
1442,Charlie,2024-07-01,2,0
1443,Charlie,2024-07-01,3,0
1444,Charlie,2024-07-01,4,0
1445,Charlie,2024-07-01,5,0
1446,Charlie,2024-07-01,6,4
1447,Charlie,2024-07-01,7,0
1448,Charlie,2024-07-01,8,0
1449,Charlie,2024-07-01,9,84
1450,Charlie,2024-07-01,10,31
1451,Charlie,2024-07-01,11,35
1452,Charlie,2024-07-01,12,45
1453,Charlie,2024-07-01,13,45
1454,Charlie,2024-07-01,14,67
1455,Charlie,2024-07-01,15,40
1456,Charlie,2024-07-01,16,7
1457,Charlie,2024-07-01,17,0
1458,Charlie,2024-07-01,18,0
1459,Charlie,2024-07-01,19,0
1460,Charlie,2024-07-01,20,0
1461,Charlie,2024-07-01,21,0
1462,Charlie,2024-07-01,22,0
1463,Charlie,2024-07-01,23,0
1464,Charlie,2024-07-02,0,0
1465,Charlie,2024-07-02,1,0
1466,Charlie,2024-07-02,2,0
1467,Charlie,2024-07-02,3,0
1468,Charlie,2024-07-02,4,0
1469,Charlie,2024-07-02,5,0
1470,Charlie,2024-07-02,6,0
1471,Charlie,2024-07-02,7,0
1472,Charlie,2024-07-02,8,0
1473,Charlie,2024-07-02,9,115
1474,Charlie,2024-07-02,10,52
1475,Charlie,2024-07-02,11,49
1476,Charlie,2024-07-02,12,56
1477,Charlie,2024-07-02,13,42
1478,Charlie,2024-07-02,14,77
1479,Charlie,2024-07-02,15,29
1480,Charlie,2024-07-02,16,5
1481,Charlie,2024-07-02,17,0
1482,Charlie,2024-07-02,18,0
1483,Charlie,2024-07-02,19,0
1484,Charlie,2024-07-02,20,0
1485,Charlie,2024-07-02,21,0
1486,Charlie,2024-07-02,22,0
1487,Charlie,2024-07-02,23,0
1488,Charlie,2024-07-03,0,0
1489,Charlie,2024-07-03,1,0
1490,Charlie,2024-07-03,2,0
1491,Charlie,2024-07-03,3,4
1492,Charlie,2024-07-03,4,0
1493,Charlie,2024-07-03,5,0
1494,Charlie,2024-07-03,6,0
1495,Charlie,2024-07-03,7,0
1496,Charlie,2024-07-03,8,0
1497,Charlie,2024-07-03,9,113
1498,Charlie,2024-07-03,10,71
1499,Charlie,2024-07-03,11,50
1500,Charlie,2024-07-03,12,29
1501,Charlie,2024-07-03,13,77
1502,Charlie,2024-07-03,14,38
1503,Charlie,2024-07-03,15,77
1504,Charlie,2024-07-03,16,1
1505,Charlie,2024-07-03,17,0
1506,Charlie,2024-07-03,18,0
1507,Charlie,2024-07-03,19,0
1508,Charlie,2024-07-03,20,0
1509,Charlie,2024-07-03,21,0
1510,Charlie,2024-07-03,22,0
1511,Charlie,2024-07-03,23,0
1512,Charlie,2024-07-04,0,0
1513,Charlie,2024-07-04,1,0
1514,Charlie,2024-07-04,2,0
1515,Charlie,2024-07-04,3,0
1516,Charlie,2024-07-04,4,0
1517,Charlie,2024-07-04,5,8
1518,Charlie,2024-07-04,6,0
1519,Charlie,2024-07-04,7,0
1520,Charlie,2024-07-04,8,0
1521,Charlie,2024-07-04,9,84
1522,Charlie,2024-07-04,10,64
1523,Charlie,2024-07-04,11,23
1524,Charlie,2024-07-04,12,35
1525,Charlie,2024-07-04,13,43
1526,Charlie,2024-07-04,14,35
1527,Charlie,2024-07-04,15,74
1528,Charlie,2024-07-04,16,2
1529,Charlie,2024-07-04,17,0
1530,Charlie,2024-07-04,18,0
1531,Charlie,2024-07-04,19,0
1532,Charlie,2024-07-04,20,0
1533,Charlie,2024-07-04,21,0
1534,Charlie,2024-07-04,22,0
1535,Charlie,2024-07-04,23,0
1536,Charlie,2024-07-05,0,0
1537,Charlie,2024-07-05,1,0
1538,Charlie,2024-07-05,2,1
1539,Charlie,2024-07-05,3,0
1540,Charlie,2024-07-05,4,0
1541,Charlie,2024-07-05,5,0
1542,Charlie,2024-07-05,6,0
1543,Charlie,2024-07-05,7,0
1544,Charlie,2024-07-05,8,0
1545,Charlie,2024-07-05,9,107
1546,Charlie,2024-07-05,10,51
1547,Charlie,2024-07-05,11,46
1548,Charlie,2024-07-05,12,39
1549,Charlie,2024-07-05,13,43
1550,Charlie,2024-07-05,14,31
1551,Charlie,2024-07-05,15,69
1552,Charlie,2024-07-05,16,3
1553,Charlie,2024-07-05,17,1
1554,Charlie,2024-07-05,18,1
1555,Charlie,2024-07-05,19,0
1556,Charlie,2024-07-05,20,0
1557,Charlie,2024-07-05,21,0
1558,Charlie,2024-07-05,22,0
1559,Charlie,2024-07-05,23,0
1560,Charlie,2024-07-06,0,0
1561,Charlie,2024-07-06,1,0
1562,Charlie,2024-07-06,2,0
1563,Charlie,2024-07-06,3,0
1564,Charlie,2024-07-06,4,0
1565,Charlie,2024-07-06,5,0
1566,Charlie,2024-07-06,6,0
1567,Charlie,2024-07-06,7,0
1568,Charlie,2024-07-06,8,0
1569,Charlie,2024-07-06,9,116
1570,Charlie,2024-07-06,10,31
1571,Charlie,2024-07-06,11,22
1572,Charlie,2024-07-06,12,20
1573,Charlie,2024-07-06,13,52
1574,Charlie,2024-07-06,14,59
1575,Charlie,2024-07-06,15,29
1576,Charlie,2024-07-06,16,11
1577,Charlie,2024-07-06,17,2
1578,Charlie,2024-07-06,18,0
1579,Charlie,2024-07-06,19,0
1580,Charlie,2024-07-06,20,0
1581,Charlie,2024-07-06,21,0
1582,Charlie,2024-07-06,22,0
1583,Charlie,2024-07-06,23,0
1584,Charlie,2024-07-07,0,0
1585,Charlie,2024-07-07,1,0
1586,Charlie,2024-07-07,2,0
1587,Charlie,2024-07-07,3,0
1588,Charlie,2024-07-07,4,0
1589,Charlie,2024-07-07,5,0
1590,Charlie,2024-07-07,6,0
1591,Charlie,2024-07-07,7,0
1592,Charlie,2024-07-07,8,0
1593,Charlie,2024-07-07,9,114
1594,Charlie,2024-07-07,10,42
1595,Charlie,2024-07-07,11,36
1596,Charlie,2024-07-07,12,45
1597,Charlie,2024-07-07,13,27
1598,Charlie,2024-07-07,14,48
1599,Charlie,2024-07-07,15,45
1600,Charlie,2024-07-07,16,10
1601,Charlie,2024-07-07,17,0
1602,Charlie,2024-07-07,18,0
1603,Charlie,2024-07-07,19,0
1604,Charlie,2024-07-07,20,0
1605,Charlie,2024-07-07,21,0
1606,Charlie,2024-07-07,22,0
1607,Charlie,2024-07-07,23,0
1608,Charlie,2024-07-08,0,0
1609,Charlie,2024-07-08,1,0
1610,Charlie,2024-07-08,2,0
1611,Charlie,2024-07-08,3,0
1612,Charlie,2024-07-08,4,0
1613,Charlie,2024-07-08,5,0
1614,Charlie,2024-07-08,6,0
1615,Charlie,2024-07-08,7,0
1616,Charlie,2024-07-08,8,0
1617,Charlie,2024-07-08,9,105
1618,Charlie,2024-07-08,10,53
1619,Charlie,2024-07-08,11,70
1620,Charlie,2024-07-08,12,60
1621,Charlie,2024-07-08,13,26
1622,Charlie,2024-07-08,14,23
1623,Charlie,2024-07-08,15,77
1624,Charlie,2024-07-08,16,18
1625,Charlie,2024-07-08,17,0
1626,Charlie,2024-07-08,18,0
1627,Charlie,2024-07-08,19,0
1628,Charlie,2024-07-08,20,0
1629,Charlie,2024-07-08,21,0
1630,Charlie,2024-07-08,22,0
1631,Charlie,2024-07-08,23,0
1632,Charlie,2024-07-09,0,0
1633,Charlie,2024-07-09,1,0
1634,Charlie,2024-07-09,2,0
1635,Charlie,2024-07-09,3,0
1636,Charlie,2024-07-09,4,0
1637,Charlie,2024-07-09,5,0
1638,Charlie,2024-07-09,6,0
1639,Charlie,2024-07-09,7,0
1640,Charlie,2024-07-09,8,0
1641,Charlie,2024-07-09,9,90
1642,Charlie,2024-07-09,10,48
1643,Charlie,2024-07-09,11,75
1644,Charlie,2024-07-09,12,55
1645,Charlie,2024-07-09,13,44
1646,Charlie,2024-07-09,14,40
1647,Charlie,2024-07-09,15,76
1648,Charlie,2024-07-09,16,4
1649,Charlie,2024-07-09,17,0
1650,Charlie,2024-07-09,18,0
1651,Charlie,2024-07-09,19,0
1652,Charlie,2024-07-09,20,0
1653,Charlie,2024-07-09,21,0
1654,Charlie,2024-07-09,22,0
1655,Charlie,2024-07-09,23,0
1656,Charlie,2024-07-10,0,0
1657,Charlie,2024-07-10,1,0
1658,Charlie,2024-07-10,2,0
1659,Charlie,2024-07-10,3,0
1660,Charlie,2024-07-10,4,0
1661,Charlie,2024-07-10,5,0
1662,Charlie,2024-07-10,6,0
1663,Charlie,2024-07-10,7,0
1664,Charlie,2024-07-10,8,0
1665,Charlie,2024-07-10,9,89
1666,Charlie,2024-07-10,10,56
1667,Charlie,2024-07-10,11,28
1668,Charlie,2024-07-10,12,43
1669,Charlie,2024-07-10,13,54
1670,Charlie,2024-07-10,14,68
1671,Charlie,2024-07-10,15,54
1672,Charlie,2024-07-10,16,16
1673,Charlie,2024-07-10,17,0
1674,Charlie,2024-07-10,18,0
1675,Charlie,2024-07-10,19,0
1676,Charlie,2024-07-10,20,0
1677,Charlie,2024-07-10,21,0
1678,Charlie,2024-07-10,22,0
1679,Charlie,2024-07-10,23,0
1680,Charlie,2024-07-11,0,0
1681,Charlie,2024-07-11,1,0
1682,Charlie,2024-07-11,2,0
1683,Charlie,2024-07-11,3,0
1684,Charlie,2024-07-11,4,0
1685,Charlie,2024-07-11,5,4
1686,Charlie,2024-07-11,6,0
1687,Charlie,2024-07-11,7,0
1688,Charlie,2024-07-11,8,0
1689,Charlie,2024-07-11,9,97
1690,Charlie,2024-07-11,10,68
1691,Charlie,2024-07-11,11,58
1692,Charlie,2024-07-11,12,51
1693,Charlie,2024-07-11,13,43
1694,Charlie,2024-07-11,14,42
1695,Charlie,2024-07-11,15,51
1696,Charlie,2024-07-11,16,5
1697,Charlie,2024-07-11,17,0
1698,Charlie,2024-07-11,18,0
1699,Charlie,2024-07-11,19,0
1700,Charlie,2024-07-11,20,0
1701,Charlie,2024-07-11,21,1
1702,Charlie,2024-07-11,22,0
1703,Charlie,2024-07-11,23,0
1704,Charlie,2024-07-12,0,0
1705,Charlie,2024-07-12,1,0
1706,Charlie,2024-07-12,2,0
1707,Charlie,2024-07-12,3,7
1708,Charlie,2024-07-12,4,0
1709,Charlie,2024-07-12,5,0
1710,Charlie,2024-07-12,6,0
1711,Charlie,2024-07-12,7,0
1712,Charlie,2024-07-12,8,0
1713,Charlie,2024-07-12,9,92
1714,Charlie,2024-07-12,10,42
1715,Charlie,2024-07-12,11,44
1716,Charlie,2024-07-12,12,54
1717,Charlie,2024-07-12,13,60
1718,Charlie,2024-07-12,14,49
1719,Charlie,2024-07-12,15,36
1720,Charlie,2024-07-12,16,17
1721,Charlie,2024-07-12,17,0
1722,Charlie,2024-07-12,18,0
1723,Charlie,2024-07-12,19,0
1724,Charlie,2024-07-12,20,0
1725,Charlie,2024-07-12,21,0
1726,Charlie,2024-07-12,22,0
1727,Charlie,2024-07-12,23,0
1728,Charlie,2024-07-13,0,0
1729,Charlie,2024-07-13,1,0
1730,Charlie,2024-07-13,2,0
1731,Charlie,2024-07-13,3,0
1732,Charlie,2024-07-13,4,0
1733,Charlie,2024-07-13,5,0
1734,Charlie,2024-07-13,6,0
1735,Charlie,2024-07-13,7,0
1736,Charlie,2024-07-13,8,0
1737,Charlie,2024-07-13,9,99
1738,Charlie,2024-07-13,10,67
1739,Charlie,2024-07-13,11,44
1740,Charlie,2024-07-13,12,41
1741,Charlie,2024-07-13,13,32
1742,Charlie,2024-07-13,14,78
1743,Charlie,2024-07-13,15,38
1744,Charlie,2024-07-13,16,17
1745,Charlie,2024-07-13,17,0
1746,Charlie,2024-07-13,18,0
1747,Charlie,2024-07-13,19,0
1748,Charlie,2024-07-13,20,0
1749,Charlie,2024-07-13,21,4
1750,Charlie,2024-07-13,22,0
1751,Charlie,2024-07-13,23,0
1752,Charlie,2024-07-14,0,9
1753,Charlie,2024-07-14,1,0
1754,Charlie,2024-07-14,2,0
1755,Charlie,2024-07-14,3,0
1756,Charlie,2024-07-14,4,0
1757,Charlie,2024-07-14,5,0
1758,Charlie,2024-07-14,6,3
1759,Charlie,2024-07-14,7,0
1760,Charlie,2024-07-14,8,0
1761,Charlie,2024-07-14,9,91
1762,Charlie,2024-07-14,10,28
1763,Charlie,2024-07-14,11,26
1764,Charlie,2024-07-14,12,47
1765,Charlie,2024-07-14,13,33
1766,Charlie,2024-07-14,14,50
1767,Charlie,2024-07-14,15,71
1768,Charlie,2024-07-14,16,19
1769,Charlie,2024-07-14,17,0
1770,Charlie,2024-07-14,18,0
1771,Charlie,2024-07-14,19,0
1772,Charlie,2024-07-14,20,0
1773,Charlie,2024-07-14,21,0
1774,Charlie,2024-07-14,22,0
1775,Charlie,2024-07-14,23,0
1776,Charlie,2024-07-15,0,5
1777,Charlie,2024-07-15,1,5
1778,Charlie,2024-07-15,2,0
1779,Charlie,2024-07-15,3,0
1780,Charlie,2024-07-15,4,0
1781,Charlie,2024-07-15,5,0
1782,Charlie,2024-07-15,6,0
1783,Charlie,2024-07-15,7,0
1784,Charlie,2024-07-15,8,0
1785,Charlie,2024-07-15,9,114
1786,Charlie,2024-07-15,10,31
1787,Charlie,2024-07-15,11,44
1788,Charlie,2024-07-15,12,71
1789,Charlie,2024-07-15,13,78
1790,Charlie,2024-07-15,14,40
1791,Charlie,2024-07-15,15,55
1792,Charlie,2024-07-15,16,16
1793,Charlie,2024-07-15,17,9
1794,Charlie,2024-07-15,18,0
1795,Charlie,2024-07-15,19,0
1796,Charlie,2024-07-15,20,0
1797,Charlie,2024-07-15,21,0
1798,Charlie,2024-07-15,22,0
1799,Charlie,2024-07-15,23,0
1800,Charlie,2024-07-16,0,0
1801,Charlie,2024-07-16,1,0
1802,Charlie,2024-07-16,2,0
1803,Charlie,2024-07-16,3,0
1804,Charlie,2024-07-16,4,0
1805,Charlie,2024-07-16,5,0
1806,Charlie,2024-07-16,6,0
1807,Charlie,2024-07-16,7,0
1808,Charlie,2024-07-16,8,0
1809,Charlie,2024-07-16,9,118
1810,Charlie,2024-07-16,10,64
1811,Charlie,2024-07-16,11,72
1812,Charlie,2024-07-16,12,61
1813,Charlie,2024-07-16,13,77
1814,Charlie,2024-07-16,14,58
1815,Charlie,2024-07-16,15,33
1816,Charlie,2024-07-16,16,5
1817,Charlie,2024-07-16,17,0
1818,Charlie,2024-07-16,18,0
1819,Charlie,2024-07-16,19,0
1820,Charlie,2024-07-16,20,0
1821,Charlie,2024-07-16,21,0
1822,Charlie,2024-07-16,22,0
1823,Charlie,2024-07-16,23,0
1824,Charlie,2024-07-17,0,0
1825,Charlie,2024-07-17,1,0
1826,Charlie,2024-07-17,2,0
1827,Charlie,2024-07-17,3,0
1828,Charlie,2024-07-17,4,0
1829,Charlie,2024-07-17,5,0
1830,Charlie,2024-07-17,6,0
1831,Charlie,2024-07-17,7,0
1832,Charlie,2024-07-17,8,0
1833,Charlie,2024-07-17,9,114
1834,Charlie,2024-07-17,10,42
1835,Charlie,2024-07-17,11,48
1836,Charlie,2024-07-17,12,62
1837,Charlie,2024-07-17,13,30
1838,Charlie,2024-07-17,14,37
1839,Charlie,2024-07-17,15,66
1840,Charlie,2024-07-17,16,12
1841,Charlie,2024-07-17,17,0
1842,Charlie,2024-07-17,18,0
1843,Charlie,2024-07-17,19,0
1844,Charlie,2024-07-17,20,0
1845,Charlie,2024-07-17,21,0
1846,Charlie,2024-07-17,22,0
1847,Charlie,2024-07-17,23,0
1848,Charlie,2024-07-18,0,0
1849,Charlie,2024-07-18,1,0
1850,Charlie,2024-07-18,2,0
1851,Charlie,2024-07-18,3,0
1852,Charlie,2024-07-18,4,0
1853,Charlie,2024-07-18,5,0
1854,Charlie,2024-07-18,6,0
1855,Charlie,2024-07-18,7,0
1856,Charlie,2024-07-18,8,0
1857,Charlie,2024-07-18,9,88
1858,Charlie,2024-07-18,10,29
1859,Charlie,2024-07-18,11,77
1860,Charlie,2024-07-18,12,63
1861,Charlie,2024-07-18,13,36
1862,Charlie,2024-07-18,14,57
1863,Charlie,2024-07-18,15,26
1864,Charlie,2024-07-18,16,14
1865,Charlie,2024-07-18,17,0
1866,Charlie,2024-07-18,18,0
1867,Charlie,2024-07-18,19,0
1868,Charlie,2024-07-18,20,0
1869,Charlie,2024-07-18,21,0
1870,Charlie,2024-07-18,22,0
1871,Charlie,2024-07-18,23,0
1872,Charlie,2024-07-19,0,0
1873,Charlie,2024-07-19,1,0
1874,Charlie,2024-07-19,2,0
1875,Charlie,2024-07-19,3,0
1876,Charlie,2024-07-19,4,0
1877,Charlie,2024-07-19,5,0
1878,Charlie,2024-07-19,6,0
1879,Charlie,2024-07-19,7,0
1880,Charlie,2024-07-19,8,0
1881,Charlie,2024-07-19,9,92
1882,Charlie,2024-07-19,10,59
1883,Charlie,2024-07-19,11,61
1884,Charlie,2024-07-19,12,28
1885,Charlie,2024-07-19,13,69
1886,Charlie,2024-07-19,14,46
1887,Charlie,2024-07-19,15,77
1888,Charlie,2024-07-19,16,2
1889,Charlie,2024-07-19,17,0
1890,Charlie,2024-07-19,18,0
1891,Charlie,2024-07-19,19,0
1892,Charlie,2024-07-19,20,0
1893,Charlie,2024-07-19,21,0
1894,Charlie,2024-07-19,22,0
1895,Charlie,2024-07-19,23,0
1896,Charlie,2024-07-20,0,0
1897,Charlie,2024-07-20,1,0
1898,Charlie,2024-07-20,2,0
1899,Charlie,2024-07-20,3,0
1900,Charlie,2024-07-20,4,0
1901,Charlie,2024-07-20,5,0
1902,Charlie,2024-07-20,6,0
1903,Charlie,2024-07-20,7,0
1904,Charlie,2024-07-20,8,0
1905,Charlie,2024-07-20,9,84
1906,Charlie,2024-07-20,10,48
1907,Charlie,2024-07-20,11,56
1908,Charlie,2024-07-20,12,57
1909,Charlie,2024-07-20,13,38
1910,Charlie,2024-07-20,14,27
1911,Charlie,2024-07-20,15,67
1912,Charlie,2024-07-20,16,13
1913,Charlie,2024-07-20,17,0
1914,Charlie,2024-07-20,18,0
1915,Charlie,2024-07-20,19,0
1916,Charlie,2024-07-20,20,0
1917,Charlie,2024-07-20,21,0
1918,Charlie,2024-07-20,22,0
1919,Charlie,2024-07-20,23,0
1920,Charlie,2024-07-21,0,0
1921,Charlie,2024-07-21,1,0
1922,Charlie,2024-07-21,2,0
1923,Charlie,2024-07-21,3,0
1924,Charlie,2024-07-21,4,0
1925,Charlie,2024-07-21,5,0
1926,Charlie,2024-07-21,6,0
1927,Charlie,2024-07-21,7,0
1928,Charlie,2024-07-21,8,0
1929,Charlie,2024-07-21,9,80
1930,Charlie,2024-07-21,10,41
1931,Charlie,2024-07-21,11,71
1932,Charlie,2024-07-21,12,36
1933,Charlie,2024-07-21,13,26
1934,Charlie,2024-07-21,14,44
1935,Charlie,2024-07-21,15,64
1936,Charlie,2024-07-21,16,4
1937,Charlie,2024-07-21,17,0
1938,Charlie,2024-07-21,18,0
1939,Charlie,2024-07-21,19,0
1940,Charlie,2024-07-21,20,0
1941,Charlie,2024-07-21,21,0
1942,Charlie,2024-07-21,22,0
1943,Charlie,2024-07-21,23,0
1944,Charlie,2024-07-22,0,0
1945,Charlie,2024-07-22,1,0
1946,Charlie,2024-07-22,2,0
1947,Charlie,2024-07-22,3,0
1948,Charlie,2024-07-22,4,0
1949,Charlie,2024-07-22,5,0
1950,Charlie,2024-07-22,6,0
1951,Charlie,2024-07-22,7,0
1952,Charlie,2024-07-22,8,0
1953,Charlie,2024-07-22,9,115
1954,Charlie,2024-07-22,10,25
1955,Charlie,2024-07-22,11,79
1956,Charlie,2024-07-22,12,50
1957,Charlie,2024-07-22,13,38
1958,Charlie,2024-07-22,14,63
1959,Charlie,2024-07-22,15,73
1960,Charlie,2024-07-22,16,7
1961,Charlie,2024-07-22,17,0
1962,Charlie,2024-07-22,18,0
1963,Charlie,2024-07-22,19,0
1964,Charlie,2024-07-22,20,0
1965,Charlie,2024-07-22,21,0
1966,Charlie,2024-07-22,22,0
1967,Charlie,2024-07-22,23,0
1968,Charlie,2024-07-23,0,0
1969,Charlie,2024-07-23,1,0
1970,Charlie,2024-07-23,2,0
1971,Charlie,2024-07-23,3,0
1972,Charlie,2024-07-23,4,0
1973,Charlie,2024-07-23,5,0
1974,Charlie,2024-07-23,6,0
1975,Charlie,2024-07-23,7,0
1976,Charlie,2024-07-23,8,0
1977,Charlie,2024-07-23,9,106
1978,Charlie,2024-07-23,10,29
1979,Charlie,2024-07-23,11,45
1980,Charlie,2024-07-23,12,38
1981,Charlie,2024-07-23,13,58
1982,Charlie,2024-07-23,14,22
1983,Charlie,2024-07-23,15,64
1984,Charlie,2024-07-23,16,13
1985,Charlie,2024-07-23,17,0
1986,Charlie,2024-07-23,18,2
1987,Charlie,2024-07-23,19,0
1988,Charlie,2024-07-23,20,0
1989,Charlie,2024-07-23,21,0
1990,Charlie,2024-07-23,22,0
1991,Charlie,2024-07-23,23,0
1992,Charlie,2024-07-24,0,0
1993,Charlie,2024-07-24,1,0
1994,Charlie,2024-07-24,2,0
1995,Charlie,2024-07-24,3,0
1996,Charlie,2024-07-24,4,0
1997,Charlie,2024-07-24,5,0
1998,Charlie,2024-07-24,6,0
1999,Charlie,2024-07-24,7,0
2000,Charlie,2024-07-24,8,0
2001,Charlie,2024-07-24,9,107
2002,Charlie,2024-07-24,10,77
2003,Charlie,2024-07-24,11,39
2004,Charlie,2024-07-24,12,47
2005,Charlie,2024-07-24,13,27
2006,Charlie,2024-07-24,14,60
2007,Charlie,2024-07-24,15,58
2008,Charlie,2024-07-24,16,1
2009,Charlie,2024-07-24,17,0
2010,Charlie,2024-07-24,18,0
2011,Charlie,2024-07-24,19,0
2012,Charlie,2024-07-24,20,0
2013,Charlie,2024-07-24,21,0
2014,Charlie,2024-07-24,22,0
2015,Charlie,2024-07-24,23,0
2016,Charlie,2024-07-25,0,0
2017,Charlie,2024-07-25,1,0
2018,Charlie,2024-07-25,2,0
2019,Charlie,2024-07-25,3,0
2020,Charlie,2024-07-25,4,0
2021,Charlie,2024-07-25,5,0
2022,Charlie,2024-07-25,6,0
2023,Charlie,2024-07-25,7,0
2024,Charlie,2024-07-25,8,0
2025,Charlie,2024-07-25,9,82
2026,Charlie,2024-07-25,10,32
2027,Charlie,2024-07-25,11,47
2028,Charlie,2024-07-25,12,76
2029,Charlie,2024-07-25,13,79
2030,Charlie,2024-07-25,14,68
2031,Charlie,2024-07-25,15,44
2032,Charlie,2024-07-25,16,1
2033,Charlie,2024-07-25,17,0
2034,Charlie,2024-07-25,18,0
2035,Charlie,2024-07-25,19,0
2036,Charlie,2024-07-25,20,0
2037,Charlie,2024-07-25,21,0
2038,Charlie,2024-07-25,22,0
2039,Charlie,2024-07-25,23,0
2040,Charlie,2024-07-26,0,0
2041,Charlie,2024-07-26,1,0
2042,Charlie,2024-07-26,2,0
2043,Charlie,2024-07-26,3,0
2044,Charlie,2024-07-26,4,0
2045,Charlie,2024-07-26,5,0
2046,Charlie,2024-07-26,6,0
2047,Charlie,2024-07-26,7,0
2048,Charlie,2024-07-26,8,0
2049,Charlie,2024-07-26,9,117
2050,Charlie,2024-07-26,10,72
2051,Charlie,2024-07-26,11,25
2052,Charlie,2024-07-26,12,77
2053,Charlie,2024-07-26,13,63
2054,Charlie,2024-07-26,14,64
2055,Charlie,2024-07-26,15,51
2056,Charlie,2024-07-26,16,13
2057,Charlie,2024-07-26,17,0
2058,Charlie,2024-07-26,18,0
2059,Charlie,2024-07-26,19,0
2060,Charlie,2024-07-26,20,0
2061,Charlie,2024-07-26,21,5
2062,Charlie,2024-07-26,22,0
2063,Charlie,2024-07-26,23,0
2064,Charlie,2024-07-27,0,0
2065,Charlie,2024-07-27,1,0
2066,Charlie,2024-07-27,2,0
2067,Charlie,2024-07-27,3,6
2068,Charlie,2024-07-27,4,0
2069,Charlie,2024-07-27,5,0
2070,Charlie,2024-07-27,6,0
2071,Charlie,2024-07-27,7,0
2072,Charlie,2024-07-27,8,0
2073,Charlie,2024-07-27,9,100
2074,Charlie,2024-07-27,10,30
2075,Charlie,2024-07-27,11,79
2076,Charlie,2024-07-27,12,56
2077,Charlie,2024-07-27,13,55
2078,Charlie,2024-07-27,14,54
2079,Charlie,2024-07-27,15,38
2080,Charlie,2024-07-27,16,18
2081,Charlie,2024-07-27,17,0
2082,Charlie,2024-07-27,18,0
2083,Charlie,2024-07-27,19,0
2084,Charlie,2024-07-27,20,0
2085,Charlie,2024-07-27,21,0
2086,Charlie,2024-07-27,22,0
2087,Charlie,2024-07-27,23,9
2088,Charlie,2024-07-28,0,0
2089,Charlie,2024-07-28,1,0
2090,Charlie,2024-07-28,2,0
2091,Charlie,2024-07-28,3,0
2092,Charlie,2024-07-28,4,0
2093,Charlie,2024-07-28,5,0
2094,Charlie,2024-07-28,6,0
2095,Charlie,2024-07-28,7,0
2096,Charlie,2024-07-28,8,0
2097,Charlie,2024-07-28,9,93
2098,Charlie,2024-07-28,10,34
2099,Charlie,2024-07-28,11,50
2100,Charlie,2024-07-28,12,20
2101,Charlie,2024-07-28,13,72
2102,Charlie,2024-07-28,14,73
2103,Charlie,2024-07-28,15,73
2104,Charlie,2024-07-28,16,3
2105,Charlie,2024-07-28,17,7
2106,Charlie,2024-07-28,18,0
2107,Charlie,2024-07-28,19,0
2108,Charlie,2024-07-28,20,0
2109,Charlie,2024-07-28,21,0
2110,Charlie,2024-07-28,22,0
2111,Charlie,2024-07-28,23,0
2112,Charlie,2024-07-29,0,9
2113,Charlie,2024-07-29,1,0
2114,Charlie,2024-07-29,2,0
2115,Charlie,2024-07-29,3,0
2116,Charlie,2024-07-29,4,0
2117,Charlie,2024-07-29,5,0
2118,Charlie,2024-07-29,6,0
2119,Charlie,2024-07-29,7,0
2120,Charlie,2024-07-29,8,0
2121,Charlie,2024-07-29,9,90
2122,Charlie,2024-07-29,10,31
2123,Charlie,2024-07-29,11,29
2124,Charlie,2024-07-29,12,51
2125,Charlie,2024-07-29,13,35
2126,Charlie,2024-07-29,14,27
2127,Charlie,2024-07-29,15,57
2128,Charlie,2024-07-29,16,12
2129,Charlie,2024-07-29,17,0
2130,Charlie,2024-07-29,18,0
2131,Charlie,2024-07-29,19,0
2132,Charlie,2024-07-29,20,0
2133,Charlie,2024-07-29,21,0
2134,Charlie,2024-07-29,22,0
2135,Charlie,2024-07-29,23,0
2136,Charlie,2024-07-30,0,0
2137,Charlie,2024-07-30,1,0
2138,Charlie,2024-07-30,2,0
2139,Charlie,2024-07-30,3,0
2140,Charlie,2024-07-30,4,0
2141,Charlie,2024-07-30,5,8
2142,Charlie,2024-07-30,6,0
2143,Charlie,2024-07-30,7,0
2144,Charlie,2024-07-30,8,0
2145,Charlie,2024-07-30,9,107
2146,Charlie,2024-07-30,10,72
2147,Charlie,2024-07-30,11,27
2148,Charlie,2024-07-30,12,77
2149,Charlie,2024-07-30,13,47
2150,Charlie,2024-07-30,14,55
2151,Charlie,2024-07-30,15,45
2152,Charlie,2024-07-30,16,8
2153,Charlie,2024-07-30,17,0
2154,Charlie,2024-07-30,18,0
2155,Charlie,2024-07-30,19,0
2156,Charlie,2024-07-30,20,0
2157,Charlie,2024-07-30,21,2
2158,Charlie,2024-07-30,22,0
2159,Charlie,2024-07-30,23,0
2160,David,2024-07-01,0,47
2161,David,2024-07-01,1,47
2162,David,2024-07-01,2,56
2163,David,2024-07-01,3,60
2164,David,2024-07-01,4,55
2165,David,2024-07-01,5,17
2166,David,2024-07-01,6,0
2167,David,2024-07-01,7,0
2168,David,2024-07-01,8,0
2169,David,2024-07-01,9,0
2170,David,2024-07-01,10,0
2171,David,2024-07-01,11,0
2172,David,2024-07-01,12,0
2173,David,2024-07-01,13,0
2174,David,2024-07-01,14,0
2175,David,2024-07-01,15,0
2176,David,2024-07-01,16,9
2177,David,2024-07-01,17,0
2178,David,2024-07-01,18,1
2179,David,2024-07-01,19,0
2180,David,2024-07-01,20,0
2181,David,2024-07-01,21,0
2182,David,2024-07-01,22,99
2183,David,2024-07-01,23,32
2184,David,2024-07-02,0,47
2185,David,2024-07-02,1,67
2186,David,2024-07-02,2,48
2187,David,2024-07-02,3,32
2188,David,2024-07-02,4,65
2189,David,2024-07-02,5,3
2190,David,2024-07-02,6,0
2191,David,2024-07-02,7,0
2192,David,2024-07-02,8,0
2193,David,2024-07-02,9,0
2194,David,2024-07-02,10,0
2195,David,2024-07-02,11,0
2196,David,2024-07-02,12,0
2197,David,2024-07-02,13,0
2198,David,2024-07-02,14,0
2199,David,2024-07-02,15,0
2200,David,2024-07-02,16,0
2201,David,2024-07-02,17,0
2202,David,2024-07-02,18,0
2203,David,2024-07-02,19,0
2204,David,2024-07-02,20,0
2205,David,2024-07-02,21,0
2206,David,2024-07-02,22,85
2207,David,2024-07-02,23,37
2208,David,2024-07-03,0,70
2209,David,2024-07-03,1,24
2210,David,2024-07-03,2,66
2211,David,2024-07-03,3,44
2212,David,2024-07-03,4,21
2213,David,2024-07-03,5,10
2214,David,2024-07-03,6,0
2215,David,2024-07-03,7,0
2216,David,2024-07-03,8,0
2217,David,2024-07-03,9,0
2218,David,2024-07-03,10,0
2219,David,2024-07-03,11,0
2220,David,2024-07-03,12,0
2221,David,2024-07-03,13,0
2222,David,2024-07-03,14,0
2223,David,2024-07-03,15,0
2224,David,2024-07-03,16,0
2225,David,2024-07-03,17,0
2226,David,2024-07-03,18,0
2227,David,2024-07-03,19,0
2228,David,2024-07-03,20,0
2229,David,2024-07-03,21,0
2230,David,2024-07-03,22,109
2231,David,2024-07-03,23,69
2232,David,2024-07-04,0,78
2233,David,2024-07-04,1,64
2234,David,2024-07-04,2,24
2235,David,2024-07-04,3,74
2236,David,2024-07-04,4,75
2237,David,2024-07-04,5,1
2238,David,2024-07-04,6,0
2239,David,2024-07-04,7,6
2240,David,2024-07-04,8,0
2241,David,2024-07-04,9,0
2242,David,2024-07-04,10,0
2243,David,2024-07-04,11,0
2244,David,2024-07-04,12,0
2245,David,2024-07-04,13,0
2246,David,2024-07-04,14,0
2247,David,2024-07-04,15,0
2248,David,2024-07-04,16,0
2249,David,2024-07-04,17,0
2250,David,2024-07-04,18,0
2251,David,2024-07-04,19,0
2252,David,2024-07-04,20,0
2253,David,2024-07-04,21,0
2254,David,2024-07-04,22,80
2255,David,2024-07-04,23,37
2256,David,2024-07-05,0,51
2257,David,2024-07-05,1,66
2258,David,2024-07-05,2,68
2259,David,2024-07-05,3,30
2260,David,2024-07-05,4,40
2261,David,2024-07-05,5,17
2262,David,2024-07-05,6,0
2263,David,2024-07-05,7,1
2264,David,2024-07-05,8,0
2265,David,2024-07-05,9,0
2266,David,2024-07-05,10,0
2267,David,2024-07-05,11,0
2268,David,2024-07-05,12,0
2269,David,2024-07-05,13,0
2270,David,2024-07-05,14,0
2271,David,2024-07-05,15,0
2272,David,2024-07-05,16,0
2273,David,2024-07-05,17,0
2274,David,2024-07-05,18,0
2275,David,2024-07-05,19,0
2276,David,2024-07-05,20,0
2277,David,2024-07-05,21,0
2278,David,2024-07-05,22,113
2279,David,2024-07-05,23,60
2280,David,2024-07-06,0,54
2281,David,2024-07-06,1,20
2282,David,2024-07-06,2,40
2283,David,2024-07-06,3,67
2284,David,2024-07-06,4,74
2285,David,2024-07-06,5,6
2286,David,2024-07-06,6,0
2287,David,2024-07-06,7,0
2288,David,2024-07-06,8,0
2289,David,2024-07-06,9,0
2290,David,2024-07-06,10,0
2291,David,2024-07-06,11,0
2292,David,2024-07-06,12,0
2293,David,2024-07-06,13,0
2294,David,2024-07-06,14,0
2295,David,2024-07-06,15,0
2296,David,2024-07-06,16,0
2297,David,2024-07-06,17,0
2298,David,2024-07-06,18,0
2299,David,2024-07-06,19,0
2300,David,2024-07-06,20,0
2301,David,2024-07-06,21,0
2302,David,2024-07-06,22,107
2303,David,2024-07-06,23,36
2304,David,2024-07-07,0,24
2305,David,2024-07-07,1,50
2306,David,2024-07-07,2,24
2307,David,2024-07-07,3,57
2308,David,2024-07-07,4,22
2309,David,2024-07-07,5,5
2310,David,2024-07-07,6,0
2311,David,2024-07-07,7,0
2312,David,2024-07-07,8,0
2313,David,2024-07-07,9,0
2314,David,2024-07-07,10,0
2315,David,2024-07-07,11,0
2316,David,2024-07-07,12,0
2317,David,2024-07-07,13,0
2318,David,2024-07-07,14,0
2319,David,2024-07-07,15,0
2320,David,2024-07-07,16,0
2321,David,2024-07-07,17,0
2322,David,2024-07-07,18,0
2323,David,2024-07-07,19,0
2324,David,2024-07-07,20,0
2325,David,2024-07-07,21,0
2326,David,2024-07-07,22,116
2327,David,2024-07-07,23,29
2328,David,2024-07-08,0,29
2329,David,2024-07-08,1,38
2330,David,2024-07-08,2,36
2331,David,2024-07-08,3,40
2332,David,2024-07-08,4,33
2333,David,2024-07-08,5,9
2334,David,2024-07-08,6,0
2335,David,2024-07-08,7,0
2336,David,2024-07-08,8,0
2337,David,2024-07-08,9,0
2338,David,2024-07-08,10,1
2339,David,2024-07-08,11,0
2340,David,2024-07-08,12,0
2341,David,2024-07-08,13,0
2342,David,2024-07-08,14,0
2343,David,2024-07-08,15,0
2344,David,2024-07-08,16,0
2345,David,2024-07-08,17,0
2346,David,2024-07-08,18,0
2347,David,2024-07-08,19,0
2348,David,2024-07-08,20,0
2349,David,2024-07-08,21,0
2350,David,2024-07-08,22,92
2351,David,2024-07-08,23,23
2352,David,2024-07-09,0,20
2353,David,2024-07-09,1,68
2354,David,2024-07-09,2,59
2355,David,2024-07-09,3,51
2356,David,2024-07-09,4,53
2357,David,2024-07-09,5,8
2358,David,2024-07-09,6,0
2359,David,2024-07-09,7,0
2360,David,2024-07-09,8,0
2361,David,2024-07-09,9,0
2362,David,2024-07-09,10,0
2363,David,2024-07-09,11,0
2364,David,2024-07-09,12,0
2365,David,2024-07-09,13,0
2366,David,2024-07-09,14,0
2367,David,2024-07-09,15,0
2368,David,2024-07-09,16,0
2369,David,2024-07-09,17,0
2370,David,2024-07-09,18,0
2371,David,2024-07-09,19,0
2372,David,2024-07-09,20,0
2373,David,2024-07-09,21,0
2374,David,2024-07-09,22,118
2375,David,2024-07-09,23,45
2376,David,2024-07-10,0,77
2377,David,2024-07-10,1,53
2378,David,2024-07-10,2,73
2379,David,2024-07-10,3,73
2380,David,2024-07-10,4,22
2381,David,2024-07-10,5,18
2382,David,2024-07-10,6,0
2383,David,2024-07-10,7,0
2384,David,2024-07-10,8,0
2385,David,2024-07-10,9,0
2386,David,2024-07-10,10,0
2387,David,2024-07-10,11,0
2388,David,2024-07-10,12,0
2389,David,2024-07-10,13,0
2390,David,2024-07-10,14,0
2391,David,2024-07-10,15,0
2392,David,2024-07-10,16,0
2393,David,2024-07-10,17,0
2394,David,2024-07-10,18,0
2395,David,2024-07-10,19,0
2396,David,2024-07-10,20,0
2397,David,2024-07-10,21,0
2398,David,2024-07-10,22,91
2399,David,2024-07-10,23,20
2400,David,2024-07-11,0,73
2401,David,2024-07-11,1,63
2402,David,2024-07-11,2,24
2403,David,2024-07-11,3,49
2404,David,2024-07-11,4,49
2405,David,2024-07-11,5,17
2406,David,2024-07-11,6,0
2407,David,2024-07-11,7,0
2408,David,2024-07-11,8,0
2409,David,2024-07-11,9,0
2410,David,2024-07-11,10,0
2411,David,2024-07-11,11,0
2412,David,2024-07-11,12,0
2413,David,2024-07-11,13,0
2414,David,2024-07-11,14,7
2415,David,2024-07-11,15,5
2416,David,2024-07-11,16,0
2417,David,2024-07-11,17,0
2418,David,2024-07-11,18,0
2419,David,2024-07-11,19,0
2420,David,2024-07-11,20,0
2421,David,2024-07-11,21,0
2422,David,2024-07-11,22,100
2423,David,2024-07-11,23,33
2424,David,2024-07-12,0,21
2425,David,2024-07-12,1,30
2426,David,2024-07-12,2,70
2427,David,2024-07-12,3,58
2428,David,2024-07-12,4,57
2429,David,2024-07-12,5,2
2430,David,2024-07-12,6,0
2431,David,2024-07-12,7,0
2432,David,2024-07-12,8,0
2433,David,2024-07-12,9,0
2434,David,2024-07-12,10,0
2435,David,2024-07-12,11,0
2436,David,2024-07-12,12,0
2437,David,2024-07-12,13,0
2438,David,2024-07-12,14,0
2439,David,2024-07-12,15,0
2440,David,2024-07-12,16,0
2441,David,2024-07-12,17,0
2442,David,2024-07-12,18,0
2443,David,2024-07-12,19,0
2444,David,2024-07-12,20,0
2445,David,2024-07-12,21,0
2446,David,2024-07-12,22,117
2447,David,2024-07-12,23,69
2448,David,2024-07-13,0,53
2449,David,2024-07-13,1,37
2450,David,2024-07-13,2,49
2451,David,2024-07-13,3,34
2452,David,2024-07-13,4,46
2453,David,2024-07-13,5,19
2454,David,2024-07-13,6,0
2455,David,2024-07-13,7,0
2456,David,2024-07-13,8,0
2457,David,2024-07-13,9,0
2458,David,2024-07-13,10,0
2459,David,2024-07-13,11,0
2460,David,2024-07-13,12,0
2461,David,2024-07-13,13,0
2462,David,2024-07-13,14,0
2463,David,2024-07-13,15,0
2464,David,2024-07-13,16,0
2465,David,2024-07-13,17,0
2466,David,2024-07-13,18,0
2467,David,2024-07-13,19,0
2468,David,2024-07-13,20,0
2469,David,2024-07-13,21,0
2470,David,2024-07-13,22,113
2471,David,2024-07-13,23,71
2472,David,2024-07-14,0,76
2473,David,2024-07-14,1,57
2474,David,2024-07-14,2,52
2475,David,2024-07-14,3,43
2476,David,2024-07-14,4,34
2477,David,2024-07-14,5,10
2478,David,2024-07-14,6,0
2479,David,2024-07-14,7,0
2480,David,2024-07-14,8,0
2481,David,2024-07-14,9,0
2482,David,2024-07-14,10,0
2483,David,2024-07-14,11,0
2484,David,2024-07-14,12,0
2485,David,2024-07-14,13,0
2486,David,2024-07-14,14,0
2487,David,2024-07-14,15,3
2488,David,2024-07-14,16,0
2489,David,2024-07-14,17,0
2490,David,2024-07-14,18,0
2491,David,2024-07-14,19,0
2492,David,2024-07-14,20,0
2493,David,2024-07-14,21,0
2494,David,2024-07-14,22,96
2495,David,2024-07-14,23,24
2496,David,2024-07-15,0,48
2497,David,2024-07-15,1,23
2498,David,2024-07-15,2,29
2499,David,2024-07-15,3,75
2500,David,2024-07-15,4,36
2501,David,2024-07-15,5,10
2502,David,2024-07-15,6,0
2503,David,2024-07-15,7,0
2504,David,2024-07-15,8,0
2505,David,2024-07-15,9,0
2506,David,2024-07-15,10,0
2507,David,2024-07-15,11,0
2508,David,2024-07-15,12,0
2509,David,2024-07-15,13,0
2510,David,2024-07-15,14,0
2511,David,2024-07-15,15,0
2512,David,2024-07-15,16,0
2513,David,2024-07-15,17,0
2514,David,2024-07-15,18,0
2515,David,2024-07-15,19,0
2516,David,2024-07-15,20,0
2517,David,2024-07-15,21,0
2518,David,2024-07-15,22,96
2519,David,2024-07-15,23,79
2520,David,2024-07-16,0,39
2521,David,2024-07-16,1,43
2522,David,2024-07-16,2,24
2523,David,2024-07-16,3,53
2524,David,2024-07-16,4,25
2525,David,2024-07-16,5,2
2526,David,2024-07-16,6,0
2527,David,2024-07-16,7,0
2528,David,2024-07-16,8,0
2529,David,2024-07-16,9,0
2530,David,2024-07-16,10,0
2531,David,2024-07-16,11,0
2532,David,2024-07-16,12,0
2533,David,2024-07-16,13,0
2534,David,2024-07-16,14,0
2535,David,2024-07-16,15,0
2536,David,2024-07-16,16,0
2537,David,2024-07-16,17,0
2538,David,2024-07-16,18,0
2539,David,2024-07-16,19,0
2540,David,2024-07-16,20,0
2541,David,2024-07-16,21,3
2542,David,2024-07-16,22,102
2543,David,2024-07-16,23,74
2544,David,2024-07-17,0,35
2545,David,2024-07-17,1,50
2546,David,2024-07-17,2,30
2547,David,2024-07-17,3,73
2548,David,2024-07-17,4,35
2549,David,2024-07-17,5,8
2550,David,2024-07-17,6,0
2551,David,2024-07-17,7,0
2552,David,2024-07-17,8,0
2553,David,2024-07-17,9,0
2554,David,2024-07-17,10,0
2555,David,2024-07-17,11,0
2556,David,2024-07-17,12,0
2557,David,2024-07-17,13,0
2558,David,2024-07-17,14,0
2559,David,2024-07-17,15,0
2560,David,2024-07-17,16,0
2561,David,2024-07-17,17,0
2562,David,2024-07-17,18,0
2563,David,2024-07-17,19,0
2564,David,2024-07-17,20,0
2565,David,2024-07-17,21,0
2566,David,2024-07-17,22,83
2567,David,2024-07-17,23,59
2568,David,2024-07-18,0,23
2569,David,2024-07-18,1,75
2570,David,2024-07-18,2,44
2571,David,2024-07-18,3,22
2572,David,2024-07-18,4,51
2573,David,2024-07-18,5,3
2574,David,2024-07-18,6,0
2575,David,2024-07-18,7,0
2576,David,2024-07-18,8,0
2577,David,2024-07-18,9,0
2578,David,2024-07-18,10,0
2579,David,2024-07-18,11,0
2580,David,2024-07-18,12,0
2581,David,2024-07-18,13,0
2582,David,2024-07-18,14,0
2583,David,2024-07-18,15,2
2584,David,2024-07-18,16,0
2585,David,2024-07-18,17,0
2586,David,2024-07-18,18,0
2587,David,2024-07-18,19,0
2588,David,2024-07-18,20,0
2589,David,2024-07-18,21,0
2590,David,2024-07-18,22,98
2591,David,2024-07-18,23,40
2592,David,2024-07-19,0,24
2593,David,2024-07-19,1,37
2594,David,2024-07-19,2,47
2595,David,2024-07-19,3,61
2596,David,2024-07-19,4,41
2597,David,2024-07-19,5,6
2598,David,2024-07-19,6,0
2599,David,2024-07-19,7,0
2600,David,2024-07-19,8,0
2601,David,2024-07-19,9,0
2602,David,2024-07-19,10,0
2603,David,2024-07-19,11,0
2604,David,2024-07-19,12,0
2605,David,2024-07-19,13,1
2606,David,2024-07-19,14,0
2607,David,2024-07-19,15,0
2608,David,2024-07-19,16,5
2609,David,2024-07-19,17,0
2610,David,2024-07-19,18,0
2611,David,2024-07-19,19,0
2612,David,2024-07-19,20,0
2613,David,2024-07-19,21,0
2614,David,2024-07-19,22,91
2615,David,2024-07-19,23,45
2616,David,2024-07-20,0,65
2617,David,2024-07-20,1,53
2618,David,2024-07-20,2,68
2619,David,2024-07-20,3,33
2620,David,2024-07-20,4,45
2621,David,2024-07-20,5,13
2622,David,2024-07-20,6,0
2623,David,2024-07-20,7,0
2624,David,2024-07-20,8,0
2625,David,2024-07-20,9,0
2626,David,2024-07-20,10,0
2627,David,2024-07-20,11,0
2628,David,2024-07-20,12,0
2629,David,2024-07-20,13,0
2630,David,2024-07-20,14,0
2631,David,2024-07-20,15,0
2632,David,2024-07-20,16,0
2633,David,2024-07-20,17,0
2634,David,2024-07-20,18,0
2635,David,2024-07-20,19,0
2636,David,2024-07-20,20,0
2637,David,2024-07-20,21,0
2638,David,2024-07-20,22,106
2639,David,2024-07-20,23,28
2640,David,2024-07-21,0,45
2641,David,2024-07-21,1,76
2642,David,2024-07-21,2,66
2643,David,2024-07-21,3,76
2644,David,2024-07-21,4,41
2645,David,2024-07-21,5,15
2646,David,2024-07-21,6,0
2647,David,2024-07-21,7,0
2648,David,2024-07-21,8,0
2649,David,2024-07-21,9,0
2650,David,2024-07-21,10,0
2651,David,2024-07-21,11,0
2652,David,2024-07-21,12,0
2653,David,2024-07-21,13,0
2654,David,2024-07-21,14,0
2655,David,2024-07-21,15,0
2656,David,2024-07-21,16,0
2657,David,2024-07-21,17,0
2658,David,2024-07-21,18,0
2659,David,2024-07-21,19,0
2660,David,2024-07-21,20,0
2661,David,2024-07-21,21,0
2662,David,2024-07-21,22,109
2663,David,2024-07-21,23,62
2664,David,2024-07-22,0,67
2665,David,2024-07-22,1,36
2666,David,2024-07-22,2,45
2667,David,2024-07-22,3,55
2668,David,2024-07-22,4,20
2669,David,2024-07-22,5,8
2670,David,2024-07-22,6,0
2671,David,2024-07-22,7,0
2672,David,2024-07-22,8,0
2673,David,2024-07-22,9,0
2674,David,2024-07-22,10,0
2675,David,2024-07-22,11,0
2676,David,2024-07-22,12,0
2677,David,2024-07-22,13,0
2678,David,2024-07-22,14,0
2679,David,2024-07-22,15,0
2680,David,2024-07-22,16,0
2681,David,2024-07-22,17,0
2682,David,2024-07-22,18,0
2683,David,2024-07-22,19,0
2684,David,2024-07-22,20,0
2685,David,2024-07-22,21,0
2686,David,2024-07-22,22,114
2687,David,2024-07-22,23,71
2688,David,2024-07-23,0,34
2689,David,2024-07-23,1,66
2690,David,2024-07-23,2,75
2691,David,2024-07-23,3,41
2692,David,2024-07-23,4,33
2693,David,2024-07-23,5,14
2694,David,2024-07-23,6,0
2695,David,2024-07-23,7,0
2696,David,2024-07-23,8,0
2697,David,2024-07-23,9,0
2698,David,2024-07-23,10,0
2699,David,2024-07-23,11,0
2700,David,2024-07-23,12,0
2701,David,2024-07-23,13,0
2702,David,2024-07-23,14,0
2703,David,2024-07-23,15,0
2704,David,2024-07-23,16,0
2705,David,2024-07-23,17,0
2706,David,2024-07-23,18,0
2707,David,2024-07-23,19,0
2708,David,2024-07-23,20,0
2709,David,2024-07-23,21,8
2710,David,2024-07-23,22,81
2711,David,2024-07-23,23,64
2712,David,2024-07-24,0,45
2713,David,2024-07-24,1,33
2714,David,2024-07-24,2,78
2715,David,2024-07-24,3,75
2716,David,2024-07-24,4,70
2717,David,2024-07-24,5,7
2718,David,2024-07-24,6,0
2719,David,2024-07-24,7,0
2720,David,2024-07-24,8,0
2721,David,2024-07-24,9,0
2722,David,2024-07-24,10,0
2723,David,2024-07-24,11,0
2724,David,2024-07-24,12,0
2725,David,2024-07-24,13,0
2726,David,2024-07-24,14,0
2727,David,2024-07-24,15,0
2728,David,2024-07-24,16,0
2729,David,2024-07-24,17,0
2730,David,2024-07-24,18,0
2731,David,2024-07-24,19,0
2732,David,2024-07-24,20,0
2733,David,2024-07-24,21,0
2734,David,2024-07-24,22,82
2735,David,2024-07-24,23,66
2736,David,2024-07-25,0,42
2737,David,2024-07-25,1,65
2738,David,2024-07-25,2,62
2739,David,2024-07-25,3,66
2740,David,2024-07-25,4,79
2741,David,2024-07-25,5,13
2742,David,2024-07-25,6,0
2743,David,2024-07-25,7,0
2744,David,2024-07-25,8,0
2745,David,2024-07-25,9,0
2746,David,2024-07-25,10,0
2747,David,2024-07-25,11,0
2748,David,2024-07-25,12,0
2749,David,2024-07-25,13,0
2750,David,2024-07-25,14,0
2751,David,2024-07-25,15,0
2752,David,2024-07-25,16,0
2753,David,2024-07-25,17,0
2754,David,2024-07-25,18,2
2755,David,2024-07-25,19,0
2756,David,2024-07-25,20,0
2757,David,2024-07-25,21,0
2758,David,2024-07-25,22,117
2759,David,2024-07-25,23,54
2760,David,2024-07-26,0,70
2761,David,2024-07-26,1,34
2762,David,2024-07-26,2,44
2763,David,2024-07-26,3,74
2764,David,2024-07-26,4,56
2765,David,2024-07-26,5,10
2766,David,2024-07-26,6,0
2767,David,2024-07-26,7,0
2768,David,2024-07-26,8,0
2769,David,2024-07-26,9,0
2770,David,2024-07-26,10,0
2771,David,2024-07-26,11,0
2772,David,2024-07-26,12,0
2773,David,2024-07-26,13,0
2774,David,2024-07-26,14,0
2775,David,2024-07-26,15,0
2776,David,2024-07-26,16,0
2777,David,2024-07-26,17,0
2778,David,2024-07-26,18,0
2779,David,2024-07-26,19,0
2780,David,2024-07-26,20,0
2781,David,2024-07-26,21,0
2782,David,2024-07-26,22,118
2783,David,2024-07-26,23,76
2784,David,2024-07-27,0,36
2785,David,2024-07-27,1,58
2786,David,2024-07-27,2,41
2787,David,2024-07-27,3,45
2788,David,2024-07-27,4,63
2789,David,2024-07-27,5,17
2790,David,2024-07-27,6,0
2791,David,2024-07-27,7,0
2792,David,2024-07-27,8,0
2793,David,2024-07-27,9,0
2794,David,2024-07-27,10,0
2795,David,2024-07-27,11,0
2796,David,2024-07-27,12,0
2797,David,2024-07-27,13,0
2798,David,2024-07-27,14,0
2799,David,2024-07-27,15,0
2800,David,2024-07-27,16,0
2801,David,2024-07-27,17,0
2802,David,2024-07-27,18,0
2803,David,2024-07-27,19,0
2804,David,2024-07-27,20,0
2805,David,2024-07-27,21,0
2806,David,2024-07-27,22,92
2807,David,2024-07-27,23,39
2808,David,2024-07-28,0,44
2809,David,2024-07-28,1,23
2810,David,2024-07-28,2,29
2811,David,2024-07-28,3,22
2812,David,2024-07-28,4,60
2813,David,2024-07-28,5,13
2814,David,2024-07-28,6,0
2815,David,2024-07-28,7,0
2816,David,2024-07-28,8,2
2817,David,2024-07-28,9,0
2818,David,2024-07-28,10,0
2819,David,2024-07-28,11,0
2820,David,2024-07-28,12,0
2821,David,2024-07-28,13,0
2822,David,2024-07-28,14,0
2823,David,2024-07-28,15,0
2824,David,2024-07-28,16,0
2825,David,2024-07-28,17,0
2826,David,2024-07-28,18,0
2827,David,2024-07-28,19,0
2828,David,2024-07-28,20,0
2829,David,2024-07-28,21,0
2830,David,2024-07-28,22,115
2831,David,2024-07-28,23,66
2832,David,2024-07-29,0,41
2833,David,2024-07-29,1,53
2834,David,2024-07-29,2,66
2835,David,2024-07-29,3,27
2836,David,2024-07-29,4,59
2837,David,2024-07-29,5,17
2838,David,2024-07-29,6,0
2839,David,2024-07-29,7,0
2840,David,2024-07-29,8,0
2841,David,2024-07-29,9,0
2842,David,2024-07-29,10,0
2843,David,2024-07-29,11,0
2844,David,2024-07-29,12,0
2845,David,2024-07-29,13,0
2846,David,2024-07-29,14,0
2847,David,2024-07-29,15,0
2848,David,2024-07-29,16,0
2849,David,2024-07-29,17,0
2850,David,2024-07-29,18,0
2851,David,2024-07-29,19,0
2852,David,2024-07-29,20,0
2853,David,2024-07-29,21,0
2854,David,2024-07-29,22,98
2855,David,2024-07-29,23,61
2856,David,2024-07-30,0,60
2857,David,2024-07-30,1,56
2858,David,2024-07-30,2,25
2859,David,2024-07-30,3,71
2860,David,2024-07-30,4,45
2861,David,2024-07-30,5,2
2862,David,2024-07-30,6,0
2863,David,2024-07-30,7,0
2864,David,2024-07-30,8,0
2865,David,2024-07-30,9,0
2866,David,2024-07-30,10,0
2867,David,2024-07-30,11,0
2868,David,2024-07-30,12,0
2869,David,2024-07-30,13,0
2870,David,2024-07-30,14,0
2871,David,2024-07-30,15,0
2872,David,2024-07-30,16,0
2873,David,2024-07-30,17,0
2874,David,2024-07-30,18,0
2875,David,2024-07-30,19,0
2876,David,2024-07-30,20,0
2877,David,2024-07-30,21,0
2878,David,2024-07-30,22,85
2879,David,2024-07-30,23,56
2880,Eric,2024-07-01,0,76
2881,Eric,2024-07-01,1,52
2882,Eric,2024-07-01,2,72
2883,Eric,2024-07-01,3,41
2884,Eric,2024-07-01,4,40
2885,Eric,2024-07-01,5,6
2886,Eric,2024-07-01,6,0
2887,Eric,2024-07-01,7,0
2888,Eric,2024-07-01,8,0
2889,Eric,2024-07-01,9,0
2890,Eric,2024-07-01,10,0
2891,Eric,2024-07-01,11,0
2892,Eric,2024-07-01,12,0
2893,Eric,2024-07-01,13,0
2894,Eric,2024-07-01,14,0
2895,Eric,2024-07-01,15,0
2896,Eric,2024-07-01,16,0
2897,Eric,2024-07-01,17,0
2898,Eric,2024-07-01,18,6
2899,Eric,2024-07-01,19,0
2900,Eric,2024-07-01,20,0
2901,Eric,2024-07-01,21,0
2902,Eric,2024-07-01,22,83
2903,Eric,2024-07-01,23,49
2904,Eric,2024-07-02,0,30
2905,Eric,2024-07-02,1,49
2906,Eric,2024-07-02,2,50
2907,Eric,2024-07-02,3,43
2908,Eric,2024-07-02,4,74
2909,Eric,2024-07-02,5,9
2910,Eric,2024-07-02,6,0
2911,Eric,2024-07-02,7,0
2912,Eric,2024-07-02,8,0
2913,Eric,2024-07-02,9,7
2914,Eric,2024-07-02,10,0
2915,Eric,2024-07-02,11,0
2916,Eric,2024-07-02,12,0
2917,Eric,2024-07-02,13,0
2918,Eric,2024-07-02,14,0
2919,Eric,2024-07-02,15,0
2920,Eric,2024-07-02,16,0
2921,Eric,2024-07-02,17,0
2922,Eric,2024-07-02,18,0
2923,Eric,2024-07-02,19,0
2924,Eric,2024-07-02,20,0
2925,Eric,2024-07-02,21,0
2926,Eric,2024-07-02,22,82
2927,Eric,2024-07-02,23,70
2928,Eric,2024-07-03,0,50
2929,Eric,2024-07-03,1,59
2930,Eric,2024-07-03,2,56
2931,Eric,2024-07-03,3,55
2932,Eric,2024-07-03,4,43
2933,Eric,2024-07-03,5,6
2934,Eric,2024-07-03,6,0
2935,Eric,2024-07-03,7,0
2936,Eric,2024-07-03,8,0
2937,Eric,2024-07-03,9,0
2938,Eric,2024-07-03,10,0
2939,Eric,2024-07-03,11,0
2940,Eric,2024-07-03,12,0
2941,Eric,2024-07-03,13,0
2942,Eric,2024-07-03,14,0
2943,Eric,2024-07-03,15,2
2944,Eric,2024-07-03,16,4
2945,Eric,2024-07-03,17,0
2946,Eric,2024-07-03,18,0
2947,Eric,2024-07-03,19,0
2948,Eric,2024-07-03,20,0
2949,Eric,2024-07-03,21,0
2950,Eric,2024-07-03,22,107
2951,Eric,2024-07-03,23,30
2952,Eric,2024-07-04,0,23
2953,Eric,2024-07-04,1,34
2954,Eric,2024-07-04,2,25
2955,Eric,2024-07-04,3,73
2956,Eric,2024-07-04,4,68
2957,Eric,2024-07-04,5,6
2958,Eric,2024-07-04,6,0
2959,Eric,2024-07-04,7,0
2960,Eric,2024-07-04,8,0
2961,Eric,2024-07-04,9,0
2962,Eric,2024-07-04,10,0
2963,Eric,2024-07-04,11,0
2964,Eric,2024-07-04,12,0
2965,Eric,2024-07-04,13,0
2966,Eric,2024-07-04,14,0
2967,Eric,2024-07-04,15,0
2968,Eric,2024-07-04,16,3
2969,Eric,2024-07-04,17,0
2970,Eric,2024-07-04,18,0
2971,Eric,2024-07-04,19,9
2972,Eric,2024-07-04,20,0
2973,Eric,2024-07-04,21,0
2974,Eric,2024-07-04,22,81
2975,Eric,2024-07-04,23,34
2976,Eric,2024-07-05,0,30
2977,Eric,2024-07-05,1,27
2978,Eric,2024-07-05,2,45
2979,Eric,2024-07-05,3,70
2980,Eric,2024-07-05,4,64
2981,Eric,2024-07-05,5,12
2982,Eric,2024-07-05,6,5
2983,Eric,2024-07-05,7,0
2984,Eric,2024-07-05,8,0
2985,Eric,2024-07-05,9,0
2986,Eric,2024-07-05,10,0
2987,Eric,2024-07-05,11,0
2988,Eric,2024-07-05,12,0
2989,Eric,2024-07-05,13,0
2990,Eric,2024-07-05,14,0
2991,Eric,2024-07-05,15,0
2992,Eric,2024-07-05,16,0
2993,Eric,2024-07-05,17,0
2994,Eric,2024-07-05,18,0
2995,Eric,2024-07-05,19,0
2996,Eric,2024-07-05,20,0
2997,Eric,2024-07-05,21,0
2998,Eric,2024-07-05,22,85
2999,Eric,2024-07-05,23,45
3000,Eric,2024-07-06,0,73
3001,Eric,2024-07-06,1,23
3002,Eric,2024-07-06,2,38
3003,Eric,2024-07-06,3,39
3004,Eric,2024-07-06,4,52
3005,Eric,2024-07-06,5,17
3006,Eric,2024-07-06,6,0
3007,Eric,2024-07-06,7,0
3008,Eric,2024-07-06,8,0
3009,Eric,2024-07-06,9,0
3010,Eric,2024-07-06,10,0
3011,Eric,2024-07-06,11,0
3012,Eric,2024-07-06,12,0
3013,Eric,2024-07-06,13,0
3014,Eric,2024-07-06,14,0
3015,Eric,2024-07-06,15,0
3016,Eric,2024-07-06,16,0
3017,Eric,2024-07-06,17,0
3018,Eric,2024-07-06,18,0
3019,Eric,2024-07-06,19,0
3020,Eric,2024-07-06,20,0
3021,Eric,2024-07-06,21,0
3022,Eric,2024-07-06,22,91
3023,Eric,2024-07-06,23,66
3024,Eric,2024-07-07,0,20
3025,Eric,2024-07-07,1,45
3026,Eric,2024-07-07,2,33
3027,Eric,2024-07-07,3,57
3028,Eric,2024-07-07,4,56
3029,Eric,2024-07-07,5,11
3030,Eric,2024-07-07,6,0
3031,Eric,2024-07-07,7,0
3032,Eric,2024-07-07,8,0
3033,Eric,2024-07-07,9,0
3034,Eric,2024-07-07,10,0
3035,Eric,2024-07-07,11,0
3036,Eric,2024-07-07,12,0
3037,Eric,2024-07-07,13,0
3038,Eric,2024-07-07,14,0
3039,Eric,2024-07-07,15,0
3040,Eric,2024-07-07,16,0
3041,Eric,2024-07-07,17,0
3042,Eric,2024-07-07,18,0
3043,Eric,2024-07-07,19,0
3044,Eric,2024-07-07,20,0
3045,Eric,2024-07-07,21,0
3046,Eric,2024-07-07,22,115
3047,Eric,2024-07-07,23,32
3048,Eric,2024-07-08,0,62
3049,Eric,2024-07-08,1,22
3050,Eric,2024-07-08,2,52
3051,Eric,2024-07-08,3,25
3052,Eric,2024-07-08,4,69
3053,Eric,2024-07-08,5,10
3054,Eric,2024-07-08,6,0
3055,Eric,2024-07-08,7,0
3056,Eric,2024-07-08,8,0
3057,Eric,2024-07-08,9,0
3058,Eric,2024-07-08,10,0
3059,Eric,2024-07-08,11,0
3060,Eric,2024-07-08,12,0
3061,Eric,2024-07-08,13,0
3062,Eric,2024-07-08,14,0
3063,Eric,2024-07-08,15,0
3064,Eric,2024-07-08,16,0
3065,Eric,2024-07-08,17,0
3066,Eric,2024-07-08,18,0
3067,Eric,2024-07-08,19,0
3068,Eric,2024-07-08,20,0
3069,Eric,2024-07-08,21,0
3070,Eric,2024-07-08,22,84
3071,Eric,2024-07-08,23,42
3072,Eric,2024-07-09,0,29
3073,Eric,2024-07-09,1,63
3074,Eric,2024-07-09,2,21
3075,Eric,2024-07-09,3,32
3076,Eric,2024-07-09,4,59
3077,Eric,2024-07-09,5,2
3078,Eric,2024-07-09,6,0
3079,Eric,2024-07-09,7,0
3080,Eric,2024-07-09,8,4
3081,Eric,2024-07-09,9,0
3082,Eric,2024-07-09,10,0
3083,Eric,2024-07-09,11,0
3084,Eric,2024-07-09,12,0
3085,Eric,2024-07-09,13,0
3086,Eric,2024-07-09,14,0
3087,Eric,2024-07-09,15,0
3088,Eric,2024-07-09,16,0
3089,Eric,2024-07-09,17,0
3090,Eric,2024-07-09,18,0
3091,Eric,2024-07-09,19,0
3092,Eric,2024-07-09,20,0
3093,Eric,2024-07-09,21,0
3094,Eric,2024-07-09,22,80
3095,Eric,2024-07-09,23,56
3096,Eric,2024-07-10,0,28
3097,Eric,2024-07-10,1,36
3098,Eric,2024-07-10,2,28
3099,Eric,2024-07-10,3,30
3100,Eric,2024-07-10,4,34
3101,Eric,2024-07-10,5,6
3102,Eric,2024-07-10,6,0
3103,Eric,2024-07-10,7,0
3104,Eric,2024-07-10,8,0
3105,Eric,2024-07-10,9,0
3106,Eric,2024-07-10,10,0
3107,Eric,2024-07-10,11,0
3108,Eric,2024-07-10,12,0
3109,Eric,2024-07-10,13,0
3110,Eric,2024-07-10,14,0
3111,Eric,2024-07-10,15,0
3112,Eric,2024-07-10,16,0
3113,Eric,2024-07-10,17,0
3114,Eric,2024-07-10,18,0
3115,Eric,2024-07-10,19,0
3116,Eric,2024-07-10,20,0
3117,Eric,2024-07-10,21,0
3118,Eric,2024-07-10,22,114
3119,Eric,2024-07-10,23,49
3120,Eric,2024-07-11,0,50
3121,Eric,2024-07-11,1,68
3122,Eric,2024-07-11,2,24
3123,Eric,2024-07-11,3,79
3124,Eric,2024-07-11,4,63
3125,Eric,2024-07-11,5,18
3126,Eric,2024-07-11,6,0
3127,Eric,2024-07-11,7,0
3128,Eric,2024-07-11,8,0
3129,Eric,2024-07-11,9,0
3130,Eric,2024-07-11,10,0
3131,Eric,2024-07-11,11,0
3132,Eric,2024-07-11,12,0
3133,Eric,2024-07-11,13,0
3134,Eric,2024-07-11,14,0
3135,Eric,2024-07-11,15,0
3136,Eric,2024-07-11,16,0
3137,Eric,2024-07-11,17,0
3138,Eric,2024-07-11,18,0
3139,Eric,2024-07-11,19,0
3140,Eric,2024-07-11,20,0
3141,Eric,2024-07-11,21,0
3142,Eric,2024-07-11,22,93
3143,Eric,2024-07-11,23,72
3144,Eric,2024-07-12,0,75
3145,Eric,2024-07-12,1,30
3146,Eric,2024-07-12,2,28
3147,Eric,2024-07-12,3,53
3148,Eric,2024-07-12,4,31
3149,Eric,2024-07-12,5,3
3150,Eric,2024-07-12,6,0
3151,Eric,2024-07-12,7,0
3152,Eric,2024-07-12,8,0
3153,Eric,2024-07-12,9,0
3154,Eric,2024-07-12,10,0
3155,Eric,2024-07-12,11,0
3156,Eric,2024-07-12,12,0
3157,Eric,2024-07-12,13,3
3158,Eric,2024-07-12,14,0
3159,Eric,2024-07-12,15,0
3160,Eric,2024-07-12,16,0
3161,Eric,2024-07-12,17,0
3162,Eric,2024-07-12,18,0
3163,Eric,2024-07-12,19,0
3164,Eric,2024-07-12,20,0
3165,Eric,2024-07-12,21,0
3166,Eric,2024-07-12,22,80
3167,Eric,2024-07-12,23,59
3168,Eric,2024-07-13,0,41
3169,Eric,2024-07-13,1,79
3170,Eric,2024-07-13,2,48
3171,Eric,2024-07-13,3,27
3172,Eric,2024-07-13,4,30
3173,Eric,2024-07-13,5,9
3174,Eric,2024-07-13,6,5
3175,Eric,2024-07-13,7,0
3176,Eric,2024-07-13,8,0
3177,Eric,2024-07-13,9,0
3178,Eric,2024-07-13,10,0
3179,Eric,2024-07-13,11,0
3180,Eric,2024-07-13,12,0
3181,Eric,2024-07-13,13,0
3182,Eric,2024-07-13,14,3
3183,Eric,2024-07-13,15,0
3184,Eric,2024-07-13,16,5
3185,Eric,2024-07-13,17,0
3186,Eric,2024-07-13,18,0
3187,Eric,2024-07-13,19,0
3188,Eric,2024-07-13,20,5
3189,Eric,2024-07-13,21,0
3190,Eric,2024-07-13,22,84
3191,Eric,2024-07-13,23,38
3192,Eric,2024-07-14,0,78
3193,Eric,2024-07-14,1,33
3194,Eric,2024-07-14,2,45
3195,Eric,2024-07-14,3,23
3196,Eric,2024-07-14,4,44
3197,Eric,2024-07-14,5,13
3198,Eric,2024-07-14,6,0
3199,Eric,2024-07-14,7,0
3200,Eric,2024-07-14,8,0
3201,Eric,2024-07-14,9,0
3202,Eric,2024-07-14,10,0
3203,Eric,2024-07-14,11,0
3204,Eric,2024-07-14,12,0
3205,Eric,2024-07-14,13,0
3206,Eric,2024-07-14,14,0
3207,Eric,2024-07-14,15,0
3208,Eric,2024-07-14,16,0
3209,Eric,2024-07-14,17,0
3210,Eric,2024-07-14,18,0
3211,Eric,2024-07-14,19,0
3212,Eric,2024-07-14,20,0
3213,Eric,2024-07-14,21,0
3214,Eric,2024-07-14,22,104
3215,Eric,2024-07-14,23,37
3216,Eric,2024-07-15,0,59
3217,Eric,2024-07-15,1,27
3218,Eric,2024-07-15,2,58
3219,Eric,2024-07-15,3,59
3220,Eric,2024-07-15,4,33
3221,Eric,2024-07-15,5,19
3222,Eric,2024-07-15,6,0
3223,Eric,2024-07-15,7,0
3224,Eric,2024-07-15,8,0
3225,Eric,2024-07-15,9,0
3226,Eric,2024-07-15,10,0
3227,Eric,2024-07-15,11,0
3228,Eric,2024-07-15,12,0
3229,Eric,2024-07-15,13,0
3230,Eric,2024-07-15,14,0
3231,Eric,2024-07-15,15,6
3232,Eric,2024-07-15,16,0
3233,Eric,2024-07-15,17,0
3234,Eric,2024-07-15,18,0
3235,Eric,2024-07-15,19,0
3236,Eric,2024-07-15,20,0
3237,Eric,2024-07-15,21,0
3238,Eric,2024-07-15,22,112
3239,Eric,2024-07-15,23,42
3240,Eric,2024-07-16,0,34
3241,Eric,2024-07-16,1,52
3242,Eric,2024-07-16,2,44
3243,Eric,2024-07-16,3,36
3244,Eric,2024-07-16,4,52
3245,Eric,2024-07-16,5,15
3246,Eric,2024-07-16,6,0
3247,Eric,2024-07-16,7,0
3248,Eric,2024-07-16,8,7
3249,Eric,2024-07-16,9,0
3250,Eric,2024-07-16,10,0
3251,Eric,2024-07-16,11,0
3252,Eric,2024-07-16,12,0
3253,Eric,2024-07-16,13,2
3254,Eric,2024-07-16,14,0
3255,Eric,2024-07-16,15,0
3256,Eric,2024-07-16,16,0
3257,Eric,2024-07-16,17,0
3258,Eric,2024-07-16,18,5
3259,Eric,2024-07-16,19,0
3260,Eric,2024-07-16,20,0
3261,Eric,2024-07-16,21,0
3262,Eric,2024-07-16,22,119
3263,Eric,2024-07-16,23,59
3264,Eric,2024-07-17,0,70
3265,Eric,2024-07-17,1,58
3266,Eric,2024-07-17,2,70
3267,Eric,2024-07-17,3,25
3268,Eric,2024-07-17,4,25
3269,Eric,2024-07-17,5,3
3270,Eric,2024-07-17,6,0
3271,Eric,2024-07-17,7,0
3272,Eric,2024-07-17,8,0
3273,Eric,2024-07-17,9,0
3274,Eric,2024-07-17,10,0
3275,Eric,2024-07-17,11,0
3276,Eric,2024-07-17,12,0
3277,Eric,2024-07-17,13,0
3278,Eric,2024-07-17,14,0
3279,Eric,2024-07-17,15,0
3280,Eric,2024-07-17,16,0
3281,Eric,2024-07-17,17,0
3282,Eric,2024-07-17,18,0
3283,Eric,2024-07-17,19,0
3284,Eric,2024-07-17,20,0
3285,Eric,2024-07-17,21,0
3286,Eric,2024-07-17,22,86
3287,Eric,2024-07-17,23,70
3288,Eric,2024-07-18,0,27
3289,Eric,2024-07-18,1,61
3290,Eric,2024-07-18,2,71
3291,Eric,2024-07-18,3,34
3292,Eric,2024-07-18,4,66
3293,Eric,2024-07-18,5,1
3294,Eric,2024-07-18,6,0
3295,Eric,2024-07-18,7,0
3296,Eric,2024-07-18,8,0
3297,Eric,2024-07-18,9,0
3298,Eric,2024-07-18,10,0
3299,Eric,2024-07-18,11,0
3300,Eric,2024-07-18,12,0
3301,Eric,2024-07-18,13,0
3302,Eric,2024-07-18,14,0
3303,Eric,2024-07-18,15,4
3304,Eric,2024-07-18,16,0
3305,Eric,2024-07-18,17,0
3306,Eric,2024-07-18,18,0
3307,Eric,2024-07-18,19,0
3308,Eric,2024-07-18,20,0
3309,Eric,2024-07-18,21,0
3310,Eric,2024-07-18,22,109
3311,Eric,2024-07-18,23,58
3312,Eric,2024-07-19,0,46
3313,Eric,2024-07-19,1,55
3314,Eric,2024-07-19,2,48
3315,Eric,2024-07-19,3,57
3316,Eric,2024-07-19,4,76
3317,Eric,2024-07-19,5,1
3318,Eric,2024-07-19,6,0
3319,Eric,2024-07-19,7,0
3320,Eric,2024-07-19,8,0
3321,Eric,2024-07-19,9,0
3322,Eric,2024-07-19,10,0
3323,Eric,2024-07-19,11,0
3324,Eric,2024-07-19,12,0
3325,Eric,2024-07-19,13,0
3326,Eric,2024-07-19,14,0
3327,Eric,2024-07-19,15,0
3328,Eric,2024-07-19,16,0
3329,Eric,2024-07-19,17,0
3330,Eric,2024-07-19,18,0
3331,Eric,2024-07-19,19,5
3332,Eric,2024-07-19,20,0
3333,Eric,2024-07-19,21,0
3334,Eric,2024-07-19,22,106
3335,Eric,2024-07-19,23,74
3336,Eric,2024-07-20,0,52
3337,Eric,2024-07-20,1,23
3338,Eric,2024-07-20,2,41
3339,Eric,2024-07-20,3,21
3340,Eric,2024-07-20,4,29
3341,Eric,2024-07-20,5,5
3342,Eric,2024-07-20,6,0
3343,Eric,2024-07-20,7,0
3344,Eric,2024-07-20,8,0
3345,Eric,2024-07-20,9,0
3346,Eric,2024-07-20,10,0
3347,Eric,2024-07-20,11,0
3348,Eric,2024-07-20,12,1
3349,Eric,2024-07-20,13,0
3350,Eric,2024-07-20,14,0
3351,Eric,2024-07-20,15,0
3352,Eric,2024-07-20,16,0
3353,Eric,2024-07-20,17,0
3354,Eric,2024-07-20,18,0
3355,Eric,2024-07-20,19,0
3356,Eric,2024-07-20,20,0
3357,Eric,2024-07-20,21,0
3358,Eric,2024-07-20,22,117
3359,Eric,2024-07-20,23,32
3360,Eric,2024-07-21,0,50
3361,Eric,2024-07-21,1,66
3362,Eric,2024-07-21,2,55
3363,Eric,2024-07-21,3,64
3364,Eric,2024-07-21,4,43
3365,Eric,2024-07-21,5,15
3366,Eric,2024-07-21,6,0
3367,Eric,2024-07-21,7,0
3368,Eric,2024-07-21,8,0
3369,Eric,2024-07-21,9,0
3370,Eric,2024-07-21,10,0
3371,Eric,2024-07-21,11,0
3372,Eric,2024-07-21,12,0
3373,Eric,2024-07-21,13,0
3374,Eric,2024-07-21,14,0
3375,Eric,2024-07-21,15,0
3376,Eric,2024-07-21,16,0
3377,Eric,2024-07-21,17,0
3378,Eric,2024-07-21,18,0
3379,Eric,2024-07-21,19,0
3380,Eric,2024-07-21,20,0
3381,Eric,2024-07-21,21,0
3382,Eric,2024-07-21,22,108
3383,Eric,2024-07-21,23,27
3384,Eric,2024-07-22,0,24
3385,Eric,2024-07-22,1,48
3386,Eric,2024-07-22,2,66
3387,Eric,2024-07-22,3,23
3388,Eric,2024-07-22,4,31
3389,Eric,2024-07-22,5,13
3390,Eric,2024-07-22,6,0
3391,Eric,2024-07-22,7,0
3392,Eric,2024-07-22,8,0
3393,Eric,2024-07-22,9,0
3394,Eric,2024-07-22,10,0
3395,Eric,2024-07-22,11,0
3396,Eric,2024-07-22,12,0
3397,Eric,2024-07-22,13,0
3398,Eric,2024-07-22,14,0
3399,Eric,2024-07-22,15,0
3400,Eric,2024-07-22,16,0
3401,Eric,2024-07-22,17,0
3402,Eric,2024-07-22,18,0
3403,Eric,2024-07-22,19,0
3404,Eric,2024-07-22,20,0
3405,Eric,2024-07-22,21,0
3406,Eric,2024-07-22,22,81
3407,Eric,2024-07-22,23,46
3408,Eric,2024-07-23,0,50
3409,Eric,2024-07-23,1,70
3410,Eric,2024-07-23,2,70
3411,Eric,2024-07-23,3,55
3412,Eric,2024-07-23,4,55
3413,Eric,2024-07-23,5,11
3414,Eric,2024-07-23,6,0
3415,Eric,2024-07-23,7,0
3416,Eric,2024-07-23,8,0
3417,Eric,2024-07-23,9,0
3418,Eric,2024-07-23,10,0
3419,Eric,2024-07-23,11,0
3420,Eric,2024-07-23,12,0
3421,Eric,2024-07-23,13,0
3422,Eric,2024-07-23,14,0
3423,Eric,2024-07-23,15,0
3424,Eric,2024-07-23,16,0
3425,Eric,2024-07-23,17,0
3426,Eric,2024-07-23,18,0
3427,Eric,2024-07-23,19,0
3428,Eric,2024-07-23,20,0
3429,Eric,2024-07-23,21,0
3430,Eric,2024-07-23,22,106
3431,Eric,2024-07-23,23,24
3432,Eric,2024-07-24,0,39
3433,Eric,2024-07-24,1,30
3434,Eric,2024-07-24,2,29
3435,Eric,2024-07-24,3,59
3436,Eric,2024-07-24,4,57
3437,Eric,2024-07-24,5,6
3438,Eric,2024-07-24,6,0
3439,Eric,2024-07-24,7,0
3440,Eric,2024-07-24,8,0
3441,Eric,2024-07-24,9,0
3442,Eric,2024-07-24,10,0
3443,Eric,2024-07-24,11,0
3444,Eric,2024-07-24,12,0
3445,Eric,2024-07-24,13,0
3446,Eric,2024-07-24,14,0
3447,Eric,2024-07-24,15,0
3448,Eric,2024-07-24,16,0
3449,Eric,2024-07-24,17,0
3450,Eric,2024-07-24,18,0
3451,Eric,2024-07-24,19,0
3452,Eric,2024-07-24,20,0
3453,Eric,2024-07-24,21,0
3454,Eric,2024-07-24,22,87
3455,Eric,2024-07-24,23,42
3456,Eric,2024-07-25,0,66
3457,Eric,2024-07-25,1,45
3458,Eric,2024-07-25,2,65
3459,Eric,2024-07-25,3,62
3460,Eric,2024-07-25,4,31
3461,Eric,2024-07-25,5,13
3462,Eric,2024-07-25,6,0
3463,Eric,2024-07-25,7,0
3464,Eric,2024-07-25,8,0
3465,Eric,2024-07-25,9,0
3466,Eric,2024-07-25,10,0
3467,Eric,2024-07-25,11,0
3468,Eric,2024-07-25,12,0
3469,Eric,2024-07-25,13,0
3470,Eric,2024-07-25,14,0
3471,Eric,2024-07-25,15,0
3472,Eric,2024-07-25,16,0
3473,Eric,2024-07-25,17,0
3474,Eric,2024-07-25,18,0
3475,Eric,2024-07-25,19,0
3476,Eric,2024-07-25,20,0
3477,Eric,2024-07-25,21,0
3478,Eric,2024-07-25,22,119
3479,Eric,2024-07-25,23,37
3480,Eric,2024-07-26,0,44
3481,Eric,2024-07-26,1,52
3482,Eric,2024-07-26,2,66
3483,Eric,2024-07-26,3,59
3484,Eric,2024-07-26,4,79
3485,Eric,2024-07-26,5,11
3486,Eric,2024-07-26,6,0
3487,Eric,2024-07-26,7,0
3488,Eric,2024-07-26,8,0
3489,Eric,2024-07-26,9,4
3490,Eric,2024-07-26,10,0
3491,Eric,2024-07-26,11,0
3492,Eric,2024-07-26,12,0
3493,Eric,2024-07-26,13,0
3494,Eric,2024-07-26,14,0
3495,Eric,2024-07-26,15,0
3496,Eric,2024-07-26,16,4
3497,Eric,2024-07-26,17,0
3498,Eric,2024-07-26,18,0
3499,Eric,2024-07-26,19,0
3500,Eric,2024-07-26,20,0
3501,Eric,2024-07-26,21,0
3502,Eric,2024-07-26,22,84
3503,Eric,2024-07-26,23,75
3504,Eric,2024-07-27,0,56
3505,Eric,2024-07-27,1,27
3506,Eric,2024-07-27,2,61
3507,Eric,2024-07-27,3,68
3508,Eric,2024-07-27,4,47
3509,Eric,2024-07-27,5,9
3510,Eric,2024-07-27,6,0
3511,Eric,2024-07-27,7,0
3512,Eric,2024-07-27,8,0
3513,Eric,2024-07-27,9,0
3514,Eric,2024-07-27,10,0
3515,Eric,2024-07-27,11,0
3516,Eric,2024-07-27,12,6
3517,Eric,2024-07-27,13,0
3518,Eric,2024-07-27,14,0
3519,Eric,2024-07-27,15,0
3520,Eric,2024-07-27,16,0
3521,Eric,2024-07-27,17,0
3522,Eric,2024-07-27,18,0
3523,Eric,2024-07-27,19,0
3524,Eric,2024-07-27,20,0
3525,Eric,2024-07-27,21,0
3526,Eric,2024-07-27,22,108
3527,Eric,2024-07-27,23,33
3528,Eric,2024-07-28,0,59
3529,Eric,2024-07-28,1,60
3530,Eric,2024-07-28,2,41
3531,Eric,2024-07-28,3,30
3532,Eric,2024-07-28,4,42
3533,Eric,2024-07-28,5,1
3534,Eric,2024-07-28,6,0
3535,Eric,2024-07-28,7,0
3536,Eric,2024-07-28,8,0
3537,Eric,2024-07-28,9,0
3538,Eric,2024-07-28,10,0
3539,Eric,2024-07-28,11,0
3540,Eric,2024-07-28,12,0
3541,Eric,2024-07-28,13,0
3542,Eric,2024-07-28,14,0
3543,Eric,2024-07-28,15,0
3544,Eric,2024-07-28,16,0
3545,Eric,2024-07-28,17,0
3546,Eric,2024-07-28,18,0
3547,Eric,2024-07-28,19,0
3548,Eric,2024-07-28,20,0
3549,Eric,2024-07-28,21,0
3550,Eric,2024-07-28,22,116
3551,Eric,2024-07-28,23,40
3552,Eric,2024-07-29,0,45
3553,Eric,2024-07-29,1,65
3554,Eric,2024-07-29,2,55
3555,Eric,2024-07-29,3,73
3556,Eric,2024-07-29,4,42
3557,Eric,2024-07-29,5,1
3558,Eric,2024-07-29,6,0
3559,Eric,2024-07-29,7,0
3560,Eric,2024-07-29,8,0
3561,Eric,2024-07-29,9,0
3562,Eric,2024-07-29,10,0
3563,Eric,2024-07-29,11,0
3564,Eric,2024-07-29,12,0
3565,Eric,2024-07-29,13,6
3566,Eric,2024-07-29,14,0
3567,Eric,2024-07-29,15,0
3568,Eric,2024-07-29,16,0
3569,Eric,2024-07-29,17,0
3570,Eric,2024-07-29,18,0
3571,Eric,2024-07-29,19,0
3572,Eric,2024-07-29,20,0
3573,Eric,2024-07-29,21,0
3574,Eric,2024-07-29,22,119
3575,Eric,2024-07-29,23,34
3576,Eric,2024-07-30,0,40
3577,Eric,2024-07-30,1,66
3578,Eric,2024-07-30,2,28
3579,Eric,2024-07-30,3,72
3580,Eric,2024-07-30,4,28
3581,Eric,2024-07-30,5,10
3582,Eric,2024-07-30,6,0
3583,Eric,2024-07-30,7,0
3584,Eric,2024-07-30,8,0
3585,Eric,2024-07-30,9,0
3586,Eric,2024-07-30,10,0
3587,Eric,2024-07-30,11,0
3588,Eric,2024-07-30,12,0
3589,Eric,2024-07-30,13,0
3590,Eric,2024-07-30,14,0
3591,Eric,2024-07-30,15,0
3592,Eric,2024-07-30,16,0
3593,Eric,2024-07-30,17,0
3594,Eric,2024-07-30,18,0
3595,Eric,2024-07-30,19,0
3596,Eric,2024-07-30,20,0
3597,Eric,2024-07-30,21,0
3598,Eric,2024-07-30,22,105
3599,Eric,2024-07-30,23,60
